Index,2,3,4,5,6,7,8,9,10,11,12,13,14,15,16,17,18,19,20,21,22,23,24,25,26,27,28,29,30,31,32,33,34,35,36,37,38,39,40,41,42,43,44,45,46,47,48,49,50,51,52,53,54,55,56,57,58,59,60,61,62,63,64,65,66,67,68,69,70,71,72,73,74,75,76,77,78,79,80,81,82,83,84,85,86,87,88,89,90,91,92,93,94,95,96,97,98,99,100,101,102,103,104,105,106,107,108,109,110,111,112,113,114,115,116,117,118,119,120,121,122,123,124,125,126,127,128,129,130,131,132,133,134,135,136,137,138,139,140,141,142,143,144,145,146,147,148,149,150,151,152,153,154,155,156,157,158,159,160,161,162,163,164,165,166,167,168,169,170,171,172,173,174,175,176,177,178,179,180,181,182,183,184,185,186,187,188,189,190,191,192,193,194,195,196,197,198,199,200,201,202,203,204,205
G,0,0,0,0,-0.00063,0.00016,-0.00371,-0.00085,-0.59619,0,0.08863,0,0,0,0,0,0,0,0,0,0,-0.00248,0.34698,0.48598,0,0.20416,0.07854,0.1226,0.23106,0.0196,1.51573,0.80467,-0.05313,0.08757,0.01545,-0.57048,0.0901,0.00691,-0.4532,0.02443,0,0.00508,-0.00024,-0.00067,0.00126,0.11559,-3.00E-05,1.00E-05,0,1.00E-05,-5.00E-05,-0.00082,0,-0.09997,0.04279,-0.18848,0,-0.03807,-0.01745,-0.28148,-0.0769,0.03195,-0.06384,1.4234,0.32709,-0.00042,0.1644,-0.54902,-0.16685,0.00703,0.02717,0.14481,-0.01016,0.59419,0,0.17931,0,-0.00064,0,0,0,0,0,0,-0.01494,8.00E-05,-0.00159,0,0,0,0,0,0,0,0,0,0,0,0,0,0,0,0,0,0,0,0,0,0,0,0,0,0,0,0,0,-0.00125,-0.02894,0,-0.07213,0.06661,-1.39048,0,0,0,0,-0.00854,-0.04709,0,0,0,0,0,0,0,0,0,-0.00242,-0.05024,0,-0.00906,0.00057,0.27081,0.01341,0.01117,0.00893,0,0,0,0,0,0,0,0,-0.04634,0,0,0,0.00186,0.027,0,0,0,0,0,0,0,0,0,0.01576,-0.00146,0,0,0,0,0,-0.00146,0,0.042,0.00099,0,0.00099,0.00072,0.00099,0.00049,0,0,0.00254,0.00098,-2.00E-05,0.03506,0.00194,0,0.00013,0.00014,0.03463,0.0155,0.06325,0.11115,-0.00244,0.0117,-0.00266,2.00E-05,0
A,0,0,0,0,-0.0013,0,-0.00207,-0.00947,-0.55588,0,0,0,0,0.00064,0,0,0,0,0,0,0,0.00508,0.34728,0.49297,0,0.54426,0.08088,0.06764,0.20356,0.00953,1.52898,0.67667,-0.00657,0.02956,-0.30879,-0.2717,0.12113,-0.00297,-0.31582,-0.00159,0.00036,0.00708,0,-0.00072,0.00029,0.11558,-1.00E-05,1.00E-05,0,1.00E-05,-2.00E-05,0.00437,0,-0.07735,0,-0.05941,-2.00E-05,-0.01806,-0.00981,-0.19964,-0.06417,0.01251,-0.02426,1.18389,0.30692,0,0.16503,-0.22696,-0.21273,-0.00565,-0.05221,0.24215,-0.00233,0.55196,0,0.14225,0,-0.00064,0,0,0,0,0,0,-0.0087,0,-0.00138,0,0,0,0,0,0,0,0,0,0,0,0,0,0,0,0,0,0,0,0,0,0,0,0,0,0,0,0,0,0.00141,-0.02355,0,-0.01181,0.05868,-1.33362,0.5607,-0.01318,0,0,-0.00854,-0.04709,0,0,0,0,0,0,0,0,0,-0.00232,-0.05065,0,-0.00754,0,0.10674,0.00591,0,0.00901,0,0,0,0,0,0,0,0,-0.04479,0,0,0,0.00188,0.02548,0,0,0,0,0,0,0,0,0,0.01457,-1.00E-05,0,-1.00E-05,0,0,0,-0.00184,0,0.05477,0.00113,-0.00062,8.00E-05,0.00054,0.00069,0.00049,0,8.00E-05,0.00318,0.00144,0,0.03864,0.00147,0,0,0.00051,0.03404,0.01497,0.09191,0.10064,-0.00276,0.06746,-0.00267,1.00E-05,0
V,0,0,0,0,0.00019,0,-0.01387,0,-0.25209,0,-0.14883,0,0,0,0,0,0,0,0,0,0,1.00E-05,0.34704,0.4971,0,0.04981,0.09885,0.00323,0.1814,-0.01515,1.46644,1.24601,-0.02044,-0.03602,0.6207,0.61493,0.1324,0,0.20022,-0.04077,0.00045,-0.01822,0,0,-0.00084,0.11558,3.00E-05,0,0,1.00E-05,-2.00E-05,-0.12084,0,-0.00012,-0.0026,0.10969,-4.00E-05,-0.03493,-0.00656,0.0856,-0.10686,0.0123,0.08332,0.32242,0.1402,0.00068,0.11499,0.33545,-0.20559,-0.05057,0.12791,0.20492,-0.04351,0.50577,0,0.06093,0,0,0,0.00017,0,0,0,0,-0.00996,0,-0.00117,0.00029,0,0,0.04148,0,1.00E-05,0,0,0,0,0,0,0,0,0,0,0,0,0,0,0,0,0,0,0,0,0,0,0,-0.00037,-0.02022,0,0.02925,-3.00E-05,-1.24007,1.36492,0.02182,0,0,-0.0078,-0.00684,0,0,0.00986,0,0,0,0,0,0,-0.00068,-0.05051,0,-0.0095,-0.00134,-0.01902,-1.00E-05,0,0.00235,0,-6.00E-05,0,0,0,0,0,0,-0.02815,0,0,0,0.00183,0.02052,0,0,0,0,0,0,0,0,0,0.00999,0.00021,0,0,0,0,-1.00E-05,-0.00153,0,0.02408,0,-0.00034,-0.0344,2.00E-05,0,0.00049,0,0.00011,0.004,0.0001,0,0.03691,0.00162,0,0,-0.00125,0.04161,0.01235,0.07855,0.09722,-0.0016,0.00645,-0.00182,0,0
L,0,0,0,0,0.00479,0,-0.01844,-0.00688,-0.35028,0.05674,-0.15162,0,0,0,0,0,0,0.00816,0,0,0,0.00019,0.34716,0.00265,0,0.00535,0.08021,-0.00068,0.19927,0.00761,1.40554,0.11942,0.07795,-0.01918,-1.06816,0.983,0.11762,-0.00106,0.8227,-0.22561,0.00141,0,0,0.00026,-0.00101,0.11558,5.00E-05,0,0,0,1.00E-05,0.00027,0,0.50235,0,-0.01863,-5.00E-05,-0.03478,-0.00954,1.96125,0.03196,0.02,0.417,0.00584,0.10243,0.03417,0.04563,0.97947,0.06363,-0.11993,-0.01567,0.17629,-0.05873,0.55689,-0.1202,0.19148,0,-0.00142,0,-0.0103,0,0,0,0,-1.00E-05,0,1.00E-05,0,0,0,0.03079,0,0,0,0,0,0,0,0,0,0,0,0,0,0,0,0,0,0,0,0,0,0,-0.09616,0,0,0.00042,-0.02131,0,0.04627,0.0028,0.09811,0.78584,-0.1706,0,0,0,0.06197,0,0,0.03124,0,0,0,0,0,0,0.00014,-0.05007,0,0.00684,-0.00305,-0.04373,0.0018,-0.03057,0.00177,0,0,0,0,0,1.00E-05,0,0,-0.04604,0,0,0,0.00254,0.02023,0,0,0,0,0,0,0,0,0,0.00547,0,0,0,0,0,0,-0.0015,0,-0.00683,0.00088,0.00076,-0.00292,-7.00E-05,-0.02715,0.00041,0,-0.00018,-1.00E-05,0.00143,0,0.03467,-0.00091,0,0,5.00E-05,-0.00299,0.00885,0.05683,0.09914,-0.00038,0.00837,0.00048,0,0
I,0,0,0,0,0.00348,0,-0.01761,-0.00208,0.00812,0.04066,-0.12206,0,0,0,0,0,0,0,0,0,0,-9.00E-05,0.3471,0.20953,0,0.12101,0.08656,-0.07099,0.15356,-0.00164,1.50245,1.45693,0.05911,-0.01473,1.3446,1.58585,0.14306,0.015,0.38217,0.02771,0.00163,-0.0186,0,0.00055,-0.00113,0.11557,2.00E-05,0,0,0,0,0.00021,0,0.79942,-0.00288,0.24826,-0.01886,-0.03475,-0.00963,0.99518,0.00728,0.01759,0.5993,0.43641,-0.00479,0.00214,0.05291,1.29411,-0.19622,-0.12182,0.49453,0.19236,-0.06011,0.50548,0,0.0371,0,0.03134,0,0.00304,0,0.00033,0,0,-0.00074,0,-0.00082,0.00019,0,0,0.02062,0,0,0,0,0,0,0,0,0,0,0,0,0,0,0,0,0,0,0,0,0,0,0,0,0,-6.00E-05,-0.02288,0,-0.06622,0.02041,0.00381,0.74962,-0.15937,0,0,-0.00274,0.01497,0,0,0.05641,0,0,0,0,0,0,0.00136,-0.04293,0,0.00394,-0.0035,0.03083,-0.00101,0,0.00488,0,-6.00E-05,0,0,0,1.00E-05,0,0,0,0,0,0,0.00098,0.01802,0,0,0,0,0,0,0,-0.00059,0,0.00915,-0.00029,0,0,0,0,0,-0.00153,0,0.00347,0.00883,0.00022,-0.00351,-6.00E-05,-0.00204,0.00049,0,0.00011,0.00138,1.00E-05,0,0.03345,-0.0098,0,0,0,-0.03533,0.01099,0.04773,0.09613,-0.00079,0.00269,-1.00E-05,0,0
M,0,0,0,0,0.00091,0,-0.01618,0.01194,-0.06668,0.16397,0.13608,0,0,-0.00073,0,-0.00107,0,0,-2.00E-05,0,0,-6.00E-05,0.34712,0.07881,0,0.03802,0.07221,0.00483,0.22286,-0.00187,1.48813,0.13909,-0.00326,-0.01186,-0.42608,0.3863,0.16217,0.00602,0.84775,-0.10084,0.00406,0.01379,-0.00135,-7.00E-05,-0.1206,0.10503,0,0,0,0,0,0.00179,0,1.05252,0,0.00146,0.02318,-0.01839,-0.00896,2.44584,0.11269,0.01508,0.84401,0.52589,-0.07251,0.00398,0.04495,0.537,-0.09344,-0.08253,0.5909,0.17913,-0.02694,0.7631,-0.1202,0.50178,0,-0.00614,0,-0.00506,0,0,0,0,-0.00277,0,-0.00103,0.00246,0,0,0.06507,0,0,0,0,0,-0.00017,0,0,0,0,0,0,0,0,0,0,0,0,0,0,0,0,-9.00E-05,0,0,-0.00014,-0.0233,0,0.04922,0.02423,0.34881,1.39435,-0.15638,0,0,-0.00822,0.15026,0,0,0.04303,0,0,0,0,0,0,-0.0019,-0.05026,0,0.00344,-0.0016,-0.09911,0.0035,-0.06241,0.00299,0,0,0,0,0,1.00E-05,0,0,0,0,0,0,0.00057,0.01589,0,0,0,0,0,0,0,0,0,0.00353,0,0,0,0,0,0.00297,-0.00153,0,0.00104,-0.00277,0.00098,-0.00298,5.00E-05,-0.05328,0.00012,0,-7.00E-05,0.00136,-0.00193,0,0.03744,0.00409,0,0,-0.00055,-0.04211,0.00866,0.00159,0.09794,-6.00E-05,0.00645,0.00252,0,0
F,0,0,0,0,0.00371,0,-0.02062,0.07958,0.91237,0.22469,4.54142,0.00014,-0.04164,-0.00014,0,0.00154,0,0.03259,0.01158,0,0,0.00327,0.3473,0.87754,-0.00922,-0.01047,0.07646,0.04163,0.16387,0.00244,9.49418,0.15309,-0.06213,0.00053,-0.02697,0.03873,0.06163,-0.06376,0.74351,-0.19638,0.02083,3.00E-05,-0.0001,-0.00061,-0.00063,0.11558,0.00015,0,0,0,-0.0005,0.00399,-0.04808,0.72662,0,-0.1044,0.03822,-0.03402,-0.012,6.46344,-0.06266,0.00668,1.43088,2.83688,0.01404,-0.00028,0.02866,0.7479,-0.18979,-0.11896,2.10015,0.21113,0.14945,0.76442,-0.02404,0.24423,0,-0.03224,0,0.00115,0,0,0,0,-0.00282,0,-0.00149,3.00E-05,0,0,-0.06822,0,0,0,0,0,0,0,0,0,0.01228,0,0,0,0,0,0,0,0,0,0,0,0,0,0,-0.07212,0.00156,-0.0204,0,4.00E-05,-0.00407,0.87314,1.67978,-0.0133,0,0,0,0.35919,0,0,0.00733,0,0,0,0,0,0.01201,-0.00255,-0.05029,0.04877,-0.01694,0.00022,0.9074,0.01308,-0.13584,0.0125,0,0,0,0,-0.02316,0,-3.00E-05,0,0,-0.00028,0,-0.00119,0,0.01485,0,0,0,0,0,0,0,0,0,0.01043,0,0,-0.00047,0,0,0.0151,-0.00186,0,-0.00228,-0.07402,-0.00369,-0.00092,-2.00E-05,-0.06947,0.00049,0,-0.0003,0.0004,-0.00101,0,0.02299,7.00E-05,0,0,0.00024,0.01739,0.01168,-0.00179,0.10025,-0.00663,-0.00492,0.0003,0,0
W,0,0,0,0,-0.00058,0,-0.04181,0.2344,3.42431,0.29354,4.1334,0.01461,-0.0463,-0.0013,0,-0.00276,0,-0.00064,-3.00E-05,0,0,-9.00E-05,0.34726,0.25687,0,0.00093,0.13785,0.01504,0.31388,-0.00777,14.70911,-0.31367,0.03803,-0.02164,4.07532,0.38231,0.08087,-0.21118,1.38335,-0.07395,0.00143,0.00378,-0.00129,-0.00056,-0.00272,0.11558,6.00E-05,0,-1.00E-05,0,0,0.03418,-0.04808,3.08308,0,0.28943,0.02334,-0.03286,-0.00964,12.36277,-0.00108,0.02438,0.74495,1.93643,-0.12424,-0.00023,0.00838,1.95016,-0.20152,-0.13349,4.61874,0.16166,-0.04064,3.28294,-0.1202,0.02461,0,0.00503,4.00E-05,-0.0041,0,0.00048,0,0,-0.00639,0,-0.00148,0.00027,0,6.00E-05,0.2482,0,0,0,0,0,0,0,0,0,0.00733,0,0,0,0,0,0,0,0,0,0,0,0,0,0,-0.07212,0.00091,-0.02559,0,0.08506,0.0095,0.92654,2.15352,-0.0135,0,0,0.01204,0.31764,0,0,0.01744,0,0,0,0,0,0.03036,-0.00172,-0.04779,0.04418,-0.14512,0.00343,0.97501,-0.00224,-0.1638,-7.00E-05,0,0,0,0,-0.01291,0,-0.00248,0,0,0,0,0,0.00528,0.01891,0,0,0,0,0,0,0,0,0,0.00713,1.00E-05,0,0.00074,0,0,0.00953,-0.00175,0,7.00E-05,-0.02949,0.00071,-0.00134,-0.00015,-0.11118,-0.0005,0,-0.00034,-9.00E-05,-3.00E-05,0,0.03456,-0.00233,0,-0.00758,0.00116,-0.06142,0.00743,-0.02024,0.10193,-0.02957,0.00019,-0.00176,0,0
P,0,0,0,0,0.0004,-0.00012,-0.00232,-0.00302,-0.36109,0.0002,-0.13317,0,0,0,0,0,0,0,0,0,0,0.00015,0.3471,0.58473,0,0.43356,0.07672,0.02119,0.18364,0.06611,1.52912,0.61051,0.33978,0.02531,-0.12345,2.98699,0.68808,0.07273,0.09345,0.3279,-0.07018,-0.05002,0.09704,-0.00117,0.03252,0.17224,-0.00731,1.00E-05,0,0,-1.00E-05,0.00186,0,-0.2053,0.00671,-0.07874,-1.00E-05,-0.03522,-0.01229,-0.20551,-0.11653,0.02989,-0.11157,1.25207,0.00182,-0.00857,0.13633,-0.38354,-0.17884,0,-0.04943,0.62413,0.0439,0.5851,-0.01923,0.17908,0,-0.0007,0,-0.00026,0,0.0002,0,0,-0.01235,0.00041,-0.00157,0.00079,0,0,0.05945,0,0,0,0,0,0,0,0,0,0,0,0,0,0,0,0,0,0,0,0,0,0,0,0,0,-0.00087,-0.02358,0,-0.03046,-0.04832,-1.35326,1.62415,0.03676,0,0,-0.00854,-0.03084,-0.14993,0,0,0,-0.01682,0,0,0,0,-0.00048,-0.05332,-0.00013,-0.00659,0,0.05662,0.0009,0.01143,0.01322,0,0,0,0,0,0,0,0,-0.02026,0,0,0.00161,0.00161,0.02486,-0.00116,0,0,0,0,0,0,0,0,0.01476,0,0,0,0,0,0,-0.00181,-0.00933,0.0539,0.00131,-6.00E-05,-0.00045,0.00081,-0.0008,0,0,0.00011,0.00295,0.00101,0,-0.00455,0.00139,0,0,0.00077,0.0216,0.01218,0.08094,0.10304,-0.00243,0.00372,-0.0025,0,0
S,0,0,0,0,0,0,-0.0009,-0.00117,-0.5719,0.01348,-0.07834,0,0,0.00363,0,0,0,0,0,0.0084,0,0.00638,0.34702,0.48948,0,0.54477,0.08165,0.06261,0.20888,0,1.62713,0.91919,0.00128,0.00911,0.43266,-0.00137,0.11535,-0.00334,-0.31994,-4.00E-05,0.00011,0.02951,0,-0.00069,0.00069,0.11553,0,1.00E-05,0,1.00E-05,-3.00E-05,-0.0008,0,-0.07245,0,-0.12685,-1.00E-05,-0.03514,-0.00966,-0.181,-0.0698,0.00064,1.00E-05,1.32491,0.28301,-0.00028,0.16644,-1.00E-05,-0.20896,0,0.18224,0.13079,-0.05308,0.55467,0,0.16889,0,-0.00064,0,0,0,0,0,0,-0.01611,3.00E-05,-0.00126,0,0,0,0,0,0,0,0,0,0,0,0,0,0,0,0,0,0,0,0,0,0,0,0,0,0,-0.12034,0,0,-0.00045,-0.02076,0,-0.02088,0.0258,-1.35934,0.55181,0.00421,0,0,-0.00834,-0.04661,0,0,0,0,0,0,0,0,0,-0.00117,-0.05057,0,-0.00896,-0.00062,0.08115,0.00461,0.01707,0.00832,0,0,0,0,0,0,0,0,-0.0459,0,0,0,0.00139,0.02662,0,0,0,0,0,0,0,0,0,0.01402,0,0,0,0,0,0,-0.00152,0,0.04319,0.00091,-0.0008,0,0.00058,0.00068,0.00049,0,0.00011,0.00254,0.00141,0,0.0179,0.00153,0,0,0.01081,0.02993,0.01401,0.06576,0.11096,-0.00201,0.01075,-0.00237,0,0
T,0,0,0,0,0.00052,0,0,-0.00043,-0.44879,0,-0.22235,0,0,0.00653,0,0,0,0,0,0,0,9.00E-05,0.34711,0.46624,0,0.04632,0.08569,0.03044,0.17729,-0.00288,1.44015,0.45831,0.19844,-0.00331,-0.14807,1.16893,0.11866,0.00371,0.00049,0.22793,0.00045,0.00525,0,1.00E-05,-2.00E-05,0.11578,-1.00E-05,0,0,1.00E-05,-4.00E-05,0.00223,0,-0.00395,0.02891,-0.12666,-0.00692,-0.03343,-0.01283,0.00028,-0.05978,0.01108,0.08364,0.84441,0.14072,1.00E-05,0.16546,-0.25849,-0.2179,-0.04316,-0.15257,0.15218,-0.02853,0.52796,0,0.0724,0,0,0,-8.00E-05,0,0,0,0,-0.00681,2.00E-05,-0.00114,0.00015,0,0,0.05475,0,0,0,0,0,0,0,0,0,0,0,0,0,0,0,0,0,0,0,0,0,0,-0.1202,0,0,-0.00059,-0.02551,0,0.015,0.01928,-1.27856,1.48388,0.00418,0,0,-0.00532,-0.00991,0,0,0,0,0,0,0,0,0,-0.00081,-0.05055,0,-0.00716,-0.0015,0.00026,0.0018,0,0.00774,0,0,0,0,0,0,0,0,-0.04672,0,0,-0.00105,0.00172,0.02474,0,0,0,0,0,0,0,0,0,0.01377,0,0,0,0,0,0,-0.0022,0,0.05592,-0.0001,-0.00303,-2.00E-05,0.00019,0.00029,0.00049,0,0.00011,0.00305,-0.00129,0,0.02921,0.00166,0,0,-0.0007,0.04291,0.0116,0.03845,0.09807,-0.00187,0.01085,-0.00248,0,0
C,0,0,0,0,0.00198,0,-0.00944,0,-0.51383,0,-0.06319,0,0,0,0,0,0,0,0,0,0,5.00E-05,0.34722,0.47339,0,0.04898,0.09451,0.05887,0.17707,0.00412,1.60347,0.52295,0.04412,-0.00993,-0.10433,0.31506,0.08736,-0.00279,-0.02711,0.00609,0.00114,-0.00031,0,-0.00061,-0.0002,0.11568,0,1.00E-05,0,1.00E-05,-3.00E-05,-0.00036,0,0.01763,0,-0.13204,-0.03144,-0.03669,-0.01048,0.00991,-0.09613,0.00994,0.09952,0.96421,0.26311,-0.00018,0.14429,0.00823,-0.22951,-0.01026,-0.01446,0.22425,-0.07568,0.53192,0,0.04414,0,-0.00064,0,0.00055,0,0,0,0,-0.01285,0.00021,-0.00102,0,0,0,0,0,0,0,0,0,0,0,0,0,0,0,0,0,0,0,0,0,0,0,0,0,0,-0.09616,0,0,-0.00038,-0.02559,0,0.01912,0.00735,0.01361,0.62412,-0.16313,0,0,-0.00583,-0.00022,0,0,0,0,0,0,0,0,0,-0.00074,-0.04784,0,-0.00686,-0.00161,-0.04416,0.0014,0.01138,0.00227,0,0,0,0,0,0,0,0,-0.04404,0,0,0,0.00176,0.0235,0,0,0,0,0,0,0,1.00E-05,0,0.00937,0,0,0,0,0,0,-0.00153,0,0.0624,0.00131,-0.0004,-0.00041,0.00036,0.00085,0.00049,0,0.00011,0.00139,0.00141,0,0.02327,0.00147,0,-8.00E-05,-0.00064,0.01973,0.01161,0.07181,0.10978,-0.0016,0.01973,-0.00177,0,0
Y,0,0,0,0,0.00051,0,-0.02477,0.05368,2.34168,0.3083,3.8509,0.01158,-0.06099,-0.00156,0,-0.00074,0,0.0411,0.04623,0,0,0.00323,0.34721,0.36807,0,-0.01947,0.1492,0.07292,0.26853,-0.01257,15.48085,0.3065,-0.08547,-0.02577,0.54261,0.10323,0.08547,-0.05778,0.88445,-0.17935,0.021,-0.05833,-0.00138,-0.00071,-0.00088,0.11557,0.00016,0,0,0,1.00E-05,0.00235,-0.07212,1.47686,0,-0.00164,0.0212,-0.03341,-0.01484,6.88838,-0.04261,0.02212,2.81361,2.91083,0.04469,-0.00026,0.02483,0.98206,-0.16677,-0.11797,2.9728,0.1891,-0.08287,1.05178,0,0.30048,0,-0.05121,0,-0.00246,0,0,0,0,-0.01893,0,-0.00149,3.00E-05,0,0,-0.04893,0,0,0,0,0,0,0,0,0,0.02441,0,0,0,0,0,0,0,0,0,0,0,0,0,0,-0.1202,0.00151,-0.02546,0,0.02571,0.00552,0.17502,1.70667,-0.00873,0,0,-0.00078,0.65601,0,0,0.03395,0,0,0,0,0,0.01217,0.00085,-0.05027,0.04859,0.01221,0.00747,0.87206,0.00887,-0.18626,-0.00497,0,0,0,0,-0.01606,0,-0.00253,0,0,-0.00029,0,0,0,0.01776,0,0,0,0,0,0,0,0,0,0.00318,0,0,-0.00037,0,0,0.00552,-0.00178,0,-0.00169,-0.0746,0.00086,-0.00097,-0.00013,0.08914,0.00066,0,-7.00E-05,0.0009,-0.00293,0,0.06104,-0.00213,0,0,0.00025,-0.00024,0.0043,-0.03398,0.10219,-0.02762,0.009,9.00E-05,0,0
N,0,0,0,0,-0.00078,0,-0.00852,0.00298,-0.45251,0.01499,-0.17078,0,0,0,0,0,0,0,0,0,0,0,0.3472,0.48131,0,0.03326,0.07676,0.05325,0.2555,-0.00225,1.87809,1.03238,0.05228,-0.01356,0.78576,0.72407,0.10212,-0.00136,0.21873,-0.04981,-0.00071,0.00023,0,-0.00028,-0.00019,0.11558,4.00E-05,0,0,0,0,-1.00E-05,0,0.18533,0,-0.14542,-1.00E-05,-0.03122,-0.00999,2.52186,-0.02075,0.00731,0.47767,1.17627,0.29497,-0.00028,0.0508,0.58815,-0.11683,-0.12886,0.22599,0.15411,0,0.54627,0,-0.02169,0,0.00016,0,0.0009,0,0,0,0,-0.01368,0,-0.00069,0,0,0,0,0,0,0,0,0,0,0,0,0,0,0,0,0,0,0,0,0,0,0,0,0,0,-0.1202,0,0,0,-0.02244,0,0.03991,0.00081,-0.08729,0.7197,-0.05795,0,0,-0.00672,0.01575,0,0,0,0,0,0,0,0,0,0.00028,-0.05002,0,-0.00924,-0.00045,0.00221,0.001,0.00573,0.01243,0,0,0,0,0,0,0,0,-0.04632,0,0,0,0.0019,0.02332,0,0,0,0,0,0,0,0,0,0.00659,0,0,0,0,0,0,-0.00152,0,0.03431,-0.00141,-0.00041,-0.00134,0.00098,-0.00094,0.00049,0,2.00E-05,0.00299,0.00142,0,0.03282,-0.00017,0,0,0,0.02885,0.01118,0.01099,0.10059,-0.00119,0.00823,-0.00065,0,0
Q,0,0,0,0,0.00108,0,-0.01251,0.02708,0.0428,0.06709,0.62651,0,0,0,0,0.00161,0,0,-1.00E-05,0,0,-0.00254,0.34703,0.86595,0,0.03799,0.09285,-0.01123,0.32715,0.00479,2.21875,0.72568,-0.01507,-0.00262,0.90398,0.31546,0.07752,0.00359,0.47286,0.0367,0.0026,-0.00515,-0.00016,0.00016,-0.00019,0.11558,-1.00E-05,1.00E-05,0,0,-3.00E-05,0.001,0,0.12604,0,-0.10602,0.00734,-0.02806,-0.00949,2.77492,0.06794,0.00776,1.55846,1.0507,0.31791,0.0002,0.07482,0.83252,-0.12141,-0.13079,0.84351,0.1988,-0.04835,0.72654,-0.04808,-0.0554,0,0.04249,0,0.0014,0,0,0,0,-0.00742,0.00014,-0.00111,0.00019,0,0,0.01278,0,0,0,0,0,0,0,0,0,0,0,0,0,0,0,0,0,0,0,0,0,0,-0.04808,0,0,-0.0001,-0.02516,0,0.04671,0.00713,0.42361,2.0984,-0.08773,0,0,-0.00644,0.06128,0,0,0.03468,0,0,0,0,0,0,0.00024,-0.05012,0,0.00309,0.00645,0.12022,0.00174,0.00584,0.00508,0,0,0,0,0,0,0,0,0,0,0,0,0.00357,0.01782,0,0,0,0,0,0,0,0,0.00046,0.00643,0,0,0.00045,0,0,0,-0.00148,0,0.03904,0.00281,0.00023,-0.00071,0,-0.01701,0.00049,0,9.00E-05,0.00163,0.00125,0,0.0366,-0.00043,0,-0.00025,5.00E-05,0.02746,0.00934,0.0192,0.103,-0.00065,0.00524,-0.00099,0,0
D,0,0,0,0,-0.00055,-0.06536,-0.26734,-0.71187,-2.6644,-1.46286,-2.69961,-0.5254,-0.29375,0,0,0.00548,-0.06379,-0.50845,-0.43797,-0.05974,-0.01981,-0.08832,-8.00E-05,-0.78335,-0.17793,-0.50371,0.08435,-0.19452,0.70726,0.04794,0.0027,1.35155,0.41786,-0.15682,-1.64279,2.61257,0.26358,-0.32467,-0.72486,0.31957,0.07515,0.20524,0.04661,-0.00481,0.0658,0.12687,2.00E-05,1.00E-05,0,0,0.06823,-0.01453,0.03614,-0.20461,-0.15433,-0.53869,-0.31422,-0.0439,-0.12134,0.23647,-0.22394,-0.04477,0.20501,0.7393,0.27401,-0.00612,0.20859,1.47587,-0.25516,0.00059,0.5291,0.49359,0.21566,0.73852,0.06563,0.07607,0.0177,-0.16429,-0.10503,-0.03491,0,0,0,0,-0.00082,0,-0.00742,0,0,0.02958,-0.06679,0,0,0,0,0,0,0,0,-0.02053,0,0,0,-0.0014,0,0,0,0,0,0,0,0,0,-0.12066,0,-0.00237,-0.00273,-0.10128,-0.1035,-0.39853,-0.44208,-1.21293,-0.96096,-0.71189,-0.11536,0,-0.23109,-0.803,0,0,-0.22343,0,0,0,0,0,0,0.00017,-0.19366,-0.49788,-0.7391,-0.51116,-0.64927,-0.1891,-0.26795,0.00993,0.0085,0,-0.02968,0,-0.30834,0,-0.22,0,-0.39657,0,0,0,0.01219,0.02282,0,0,0,0,0,0,0,0,0,0.01333,0,0,0.00148,0,0,-0.15114,-0.02219,0,0.03462,-0.17561,-0.00079,0.02418,0.00394,-0.14894,0.01816,-0.00789,0.00013,0.00285,0.00267,0.00204,0.03765,0.02381,0,-0.11598,0.00835,-0.13257,-0.08056,-0.34262,0.0212,-0.10138,0.02503,-0.0011,2.00E-05,0
E,0,0,0,0,0.00106,-0.05328,-0.19135,-0.86215,-1.87589,-1.31647,-0.51419,-0.41121,-0.07633,0,0,0,-0.00725,-0.5858,-0.53203,-0.04561,-0.01,-0.03588,0.18341,0.23965,-0.11395,-0.49901,0.09699,-0.37384,0.47037,0.0305,0.0771,1.03465,0.17676,-0.139,-1.16071,1.04715,0.21864,-0.51882,-0.69982,0.57415,0.01968,0.17525,0.14051,0.0306,0.07923,0.14497,-1.00E-05,0,0,0,0.03467,0.07481,0.0161,0.55723,-0.13449,-0.57824,-0.25545,-0.06872,-0.10098,1.14245,-0.16941,-2.00E-05,0.7307,0.91694,0.25017,-0.01543,0.20462,1.25845,-0.20898,0.04286,0.65646,0.33483,0.15457,1.49571,-0.0119,0.10866,-0.00043,-0.1002,-0.05889,0.00122,0,0,0,0,-0.00578,5.00E-05,-0.0178,0.00048,0,0.03302,-0.11057,0,0,0,0,0,0,0,0,-0.04103,0,0,0,-0.00383,0,0,0,-0.00026,0,0,0,0,0,-0.12282,0,-0.00368,-0.00039,-0.08405,-0.00324,-0.29354,-0.24401,-0.82145,-0.05801,-0.79065,-0.0709,0,-0.13126,-0.99479,0,0,-0.13889,-0.0219,0,0,0,0,-0.21299,0.00067,-0.11511,-0.31027,-0.48012,-0.29654,-2.15365,-0.27388,-0.44042,0.00716,0.00277,0,0.00168,0,-0.15045,0,-0.12331,-0.00783,-0.32079,-0.01259,0,0,0.01398,0.02168,0,0,0,0,0,0,0,0,0,0.01267,0,0,0.00463,0,0,-0.1931,0,0,0.05846,-0.14972,-0.00112,-0.00129,-0.00042,-0.07669,0.01226,-0.00838,0,0.00111,0.01732,0,0.0043,0.04251,0,-0.06287,0,-0.22415,0,-0.18523,-0.00044,-0.04113,-0.02936,-0.00087,0,0
K,0,0,0,0,0.00016,0.01239,-0.0083,0.44231,1.68507,1.37086,2.87112,0.12242,0.00202,0,0,-0.00092,0,0.48876,0.11532,0.00968,0,0.01461,0.38301,1.98425,0.0062,0.5429,-0.00061,0.20197,-0.00528,-0.02041,2.93956,0.94773,-0.2561,0.1651,0.8668,-0.09987,0.03895,0.03716,1.07507,-0.44662,0.00924,-0.10428,0,-0.00043,-0.01397,0.07883,-1.00E-05,0,1.00E-05,0,-0.02488,0.03169,-0.00523,1.33501,0.02016,0.09716,0.09429,-0.03727,0.00034,4.82973,0.02464,0.03309,1.40515,0.8842,0.25946,-0.00877,-0.00778,0.14745,-0.02476,-0.14831,1.80853,0.00034,-0.05706,-0.11423,-0.05198,-0.09686,0.00104,0.06591,0.09618,-0.00677,0,0,0,0,-0.00553,0,-0.00141,0.00011,0,-0.02296,0.18445,0,0,0,0,0,0.01273,0,0,0.02138,0,0,0,0,0,0,0,0.00205,0,0,0,0,0,0.00154,0,0.00076,0.00481,-0.02311,0.00016,0.17366,0.13566,2.32399,2.29095,0.41344,0.0024,0,0.13062,1.28698,0,0,0.2064,0.01168,0,0,0,0,0.14773,-0.00147,-0.02848,0.13254,0.16864,0.11463,1.34953,0.11015,0.29686,0.00848,0,0,0.01789,0,0.00311,0.00061,0.00664,0,0.15961,0.0159,0,0,-0.00616,0.0061,0,0,0,0,0,0,0,0,0,-1.00E-05,0,0,-0.0079,0,0,0.04982,-0.00148,0,0.05228,-0.08629,9.00E-05,-0.01207,0,-0.0428,-0.01157,0,-0.00013,0.00128,-0.0177,0,-0.01712,-0.03281,0,0.00846,-0.00028,0.11944,0.0083,0.31163,0.11041,0.00061,0.01026,-0.00121,0,0
R,0,0,0,0,9.00E-05,0.01812,0.03381,2.0547,3.33652,2.07229,2.76861,0.23405,0.07995,0,0,0,0,1.0175,0.23059,0.02998,0,0.01841,0.52202,1.08712,0.02028,0.81047,0.23801,0.41353,-0.13826,-0.04312,4.95739,0.74673,-0.5009,0.47604,4.94443,-0.17158,-0.0007,0.06342,2.78776,-0.56753,0.00559,-0.29243,0.00136,-9.00E-05,-0.0937,0,-1.00E-05,1.00E-05,3.00E-05,0,-0.03869,0.00891,0.01847,1.98666,0.07958,0.54843,0.07805,0,0.0062,7.51368,0.03696,0.05011,2.51933,3.59271,0.23873,0.00067,-0.1983,0.15006,-0.00324,-0.16276,3.85193,0.04128,-0.02907,-0.07965,-0.16356,-0.15944,0.00136,0.12031,0.11273,-0.00448,0,0,0,0,-0.00778,0,-0.01476,0,0,-0.04871,0.52266,0,0,0,0,0,0,0,0,0.04723,0,0,0,0.00092,0,0,0,0,0,0,0,0,0,0.0036,0,-0.00496,0.00215,-0.00011,0,0.34186,0.23147,5.3381,2.55921,0.23605,0.02201,0,0.29541,2.28175,0,0,0.31559,0,0,0,0,0,0.30705,-0.00143,0.00011,0.44524,0.85753,0.28001,0.8085,0.06105,0.59918,0.00928,-0.00373,0,-0.00314,0,0.02351,0,0.04743,0,0.44546,0.02822,0,-6.00E-05,0.28812,-0.00214,0,0,0,0,0,0,0,0,0,-0.00398,0,0,-0.01008,0,0,0.11437,-0.00144,0,0.05551,-0.02392,-0.00026,-0.01182,-3.00E-05,-0.1165,-0.04265,0,0.00011,0.00103,-0.01888,0,-0.02153,-0.08096,0,0.0251,0,0.18181,0.01839,0.19806,0.13199,0.01438,0.03378,-0.00226,0,0
H,0,0,0,0,-0.00075,0,-0.01694,0.03213,0.25919,0.10253,0.39523,0,-0.01188,-0.00197,0,0,0,0,0.06532,0,0,-0.00013,0.39128,0.46041,0,-0.00164,0.21248,0.06027,0.32889,-0.00136,4.36553,0.42961,-0.10707,-0.0193,0.42327,0.91705,0.12394,-0.02596,0.70497,-0.14313,-0.04522,-0.01496,-0.00097,-0.00402,-0.02433,0.11558,5.00E-05,1.00E-05,0,0,1.00E-05,0.00104,-0.02404,0.49009,0,-0.09634,-1.00E-05,-0.02524,0.03313,5.17398,-0.05122,0.01102,0.81829,1.38454,0.1909,-0.0002,-0.00072,1.11306,-0.18092,-0.12482,1.14519,0.09977,-0.05832,0.74649,0,0.36014,0,0.00145,0,-0.00565,0,0.0002,0,0,-0.01254,0,-0.00148,0,0,0,-0.03449,0,0,0,0,0,0,0,0,0,0,0,0,0,0,0,0,0,0,0,0,0,0,-0.02404,0,0,-0.00133,-0.02451,0,0.02121,0.0127,0.56603,0.72054,-0.0132,0,0,-0.00072,0.14254,0,0,0.00502,0,0,0,0,0,0,-0.00183,-0.04518,0,-0.04867,-0.00078,0.41543,0.01096,-0.13501,0.00022,-0.00251,0,0.02352,0,-0.00825,0,0.15087,0,0,0,0,0,0.00024,0.01454,0,0,0,0,0,0,0,0,0,0.00035,0,0,0,0,0,0.01264,-0.00184,0,0.0594,-0.00458,3.00E-05,-0.00124,0.00061,-0.02226,0.00011,0,-2.00E-05,-0.00143,-0.00111,0,0.02401,-0.02743,0,0,0.0002,0.02087,0.01149,0.0207,0.11661,-0.00043,0.00951,0.00202,0,4.00E-05