WT residue type,chain ID,Residue #,G,A,V,L,I,M,F,W,P,S,T,C,Y,N,Q,D,E,K,R,H
D,A,2,0.0,0.0,0.0,0.0,0.0,0.0,0.0,0.0,0.0,0.0,0.0,0.0,0.0,0.0,0.0,0.0,0.0,0.0,0.0072,0.0
W,A,3,4e-05,6e-05,8e-05,0.0,6e-05,0.0,0.0,0.0,0.0001,8e-05,0.0001,8e-05,0.0,6e-05,8e-05,4e-05,2e-05,2e-05,0.00144,2e-05
Q,A,4,-2e-05,0.0,0.0,0.0,6e-05,-0.00012,-2e-05,0.0,0.0001,4e-05,0.0001,0.0001,-0.01412,0.0,0.0,-0.00458,0.0,0.00156,0.00668,-0.01182
K,A,5,-8e-05,0.0,0.0,0.0,0.0,-8e-05,-0.0001,-4e-05,0.0,0.0,0.0,0.0,-0.0001,0.0,0.0,-0.0001,0.0,0.0,0.0,0.0
S,A,6,0.0,-2e-05,0.0,0.0,-4e-05,0.0,0.0,0.0,0.0,0.0,0.0,0.0,0.0,-2e-05,0.0,0.0,0.0,0.0,0.0,0.0
L,A,7,-0.00708,2e-05,4e-05,-4e-05,4e-05,-2e-05,-0.00618,0.23134,-2e-05,-0.00382,-0.00356,8e-05,0.00832,4e-05,0.0,-0.19182,-0.1776,0.0748,0.11914,-0.01076
T,A,8,0.0,0.0,0.0,0.0,0.0,0.0,0.0,0.0,0.0,0.0,0.0,0.0,0.0,0.0,0.0,-0.00842,0.0,0.0,0.0,0.0
L,A,9,0.02278,0.02126,0.0132,0.01058,0.01526,-0.01206,-0.00644,0.03976,0.01704,0.03482,0.02506,0.0159,0.2725,0.00674,-0.01272,0.01886,0.00496,0.0755,0.35118,-0.01956
I,A,10,0.0,0.0,0.0,-0.0007,0.0,-0.00012,-0.00202,-0.00138,0.0,0.0,0.0,0.0,-0.00356,0.0,-8e-05,-0.01566,-0.05762,0.03236,0.079,-0.00098
V,A,11,-0.18158,-0.20272,0.00046,0.35524,0.30748,-0.00218,-0.55958,1.4922,-0.15584,-0.19982,-0.13744,-0.21392,-0.00448,-0.1852,0.4252,0.01362,0.43922,0.8878,1.61064,0.01106
A,A,12,0.0232,0.0,0.06074,0.0864,-0.02554,-0.01204,0.28106,0.08428,-0.0153,-0.0,-0.00354,0.06244,0.0373,0.09146,-0.00906,-0.0664,-0.07732,0.18084,0.0167,0.1255
L,A,13,-0.12478,-0.07262,0.04,-0.00034,0.27372,-0.0098,-0.08702,-0.1285,-0.11458,-0.06686,-0.06208,-0.09932,-0.08674,-0.07878,-0.06106,-0.07624,0.02774,-0.03766,-0.02788,-0.0886
T,A,14,0.0,0.0,0.0,0.0,0.0,0.00376,-0.08782,-0.01438,0.10928,0.0,0.0,0.00564,-0.12026,0.00988,0.01772,-0.04392,-0.02026,0.0031,-0.00504,-0.00448
L,A,15,0.0,0.0,0.0,0.0,0.0,0.0,0.0,0.0,0.0,0.0,0.0,0.0,0.0,0.0,0.0,0.0,0.0,0.0,0.0,0.0
S,A,16,0.0,0.0,0.0,0.0,0.0,0.0,0.0,0.0,0.0,0.0,0.0,0.0,2e-05,0.0,0.0,0.0,0.0,0.0,0.0,0.0
R,A,17,0.04212,0.07744,0.1096,0.05534,0.09936,0.05908,0.07376,0.0449,0.01928,0.05452,0.03736,0.04918,0.0922,0.05846,0.0427,0.06968,0.06548,0.0623,-0.00346,0.05906
G,A,18,0.0,0.06508,0.05442,0.01832,0.11606,0.01848,0.01262,0.01114,-0.02676,0.01576,0.02078,-0.01376,0.02856,0.01708,0.01942,0.03848,0.04052,0.04326,0.0355,0.0138
I,A,19,-1.0029,-1.04348,-1.01976,0.3389,0.01246,-0.1618,2.74878,4.2611,-1.04882,-1.00484,-1.0627,-1.02306,6.3358,0.95758,0.73398,1.51852,1.18986,1.09082,1.2481,1.83082
G,A,20,0.0,5.607,15.83344,14.8446,19.16872,11.43452,30.04914,31.20114,6.77648,7.87932,13.69172,7.67662,30.00544,9.93676,12.59698,11.85604,16.88314,14.06756,13.42518,26.55016
L,A,21,-0.02722,-0.0681,-0.03856,0.0001,0.00408,0.00784,0.00512,-0.00942,-0.25728,-0.01748,-0.04418,-0.03798,0.00144,0.03836,-0.04756,0.15048,0.0179,-0.01972,-0.03762,-0.00174
K,A,22,0.00602,0.03234,-0.15338,-0.00482,-0.12392,-0.15052,-0.0248,0.00994,-0.02098,-0.00822,-0.02818,-0.00462,0.08358,0.04118,-0.05712,0.13178,0.01878,-0.00108,-0.01616,0.02812
N,A,23,-1.24782,-0.63298,0.42406,-0.06528,-0.06022,0.1573,0.09884,-0.118,-1.27434,-0.39812,0.19912,-0.28802,-0.1768,-0.00402,-0.33488,0.78758,-0.02086,-0.51354,-0.67748,0.00462
D,A,24,-0.00352,-0.04752,0.3557,0.23948,0.23146,0.09888,0.26766,0.17656,0.32304,-0.00856,0.02062,-0.01994,0.28356,0.11926,0.06674,-0.00082,0.0609,0.01368,-0.1171,0.16236
L,A,25,-0.09272,-0.09008,-0.08224,0.00124,-0.06534,-0.08656,-0.02718,-0.09104,0.07708,-0.08984,-0.07466,-0.09764,-0.09294,-0.0773,-0.3499,-0.3756,-0.4082,-0.00448,-0.0639,-0.09374
P,A,26,-0.1039,-0.10416,-0.06346,-0.10396,0.00494,-0.11408,-0.1212,-0.12606,-0.00014,-0.10398,-0.0858,-0.1041,-0.10694,-0.10466,-0.10452,-0.12456,-0.14814,-0.086,-0.08056,-0.10442
W,A,27,-0.29588,-0.30052,-0.28518,-0.2909,-0.29686,-0.2781,-0.2353,-0.00376,-0.30604,-0.297,-0.2863,-0.28216,-0.15084,-0.28178,-0.26312,-0.38556,-0.35568,-0.22774,0.02234,-0.26868
K,A,28,-0.0145,-0.01088,-0.00284,-0.00846,-0.01446,-0.00276,-0.00846,-0.0025,-0.015,-0.00822,-0.0121,-0.00566,-0.00898,-0.01156,-0.00568,-0.042,-0.0365,0.00582,0.05606,0.04002
L,A,29,-0.01312,-0.0155,-0.00036,0.0,-0.0021,0.0,0.0008,2e-05,-0.01908,-0.01596,0.0006,0.0015,-0.00126,0.00146,-0.00056,-0.04722,-0.06136,0.03538,0.0766,0.00164
K,A,30,-0.003,0.0,0.0,0.0,0.0,0.0,0.0,0.0,0.0,0.0,0.0,0.0,0.0,0.0,0.0,-0.00302,-0.00306,0.0,0.0,0.0
S,A,31,0.0,0.0,0.0,0.0,0.0,0.0,0.0,0.0,0.0,0.0,0.0,0.0,0.0,0.0,0.0,0.0,0.0,0.0,0.0,0.0
D,A,32,0.07878,0.07926,0.07868,0.07844,0.07876,0.07842,0.07852,0.09026,0.07912,0.07884,0.07864,0.07874,0.0793,0.07846,0.07892,0.0003,-0.00862,0.14088,0.15126,0.07888
M,A,33,0.0009,0.00626,0.00554,-0.00422,-0.00052,-0.00158,-0.0053,-0.00478,-0.02658,0.00374,0.00444,0.0022,-0.01744,0.00172,0.00128,-0.0593,-0.04558,0.03772,0.07152,0.0088
M,A,34,0.0,0.0,0.0,0.0,0.0,0.0,0.0,0.0,-0.0172,0.0,0.0,0.0,0.0,0.0,0.0,0.0,0.0,0.0,0.0,0.0
F,A,35,0.00196,0.0011,6e-05,0.00048,0.0002,0.00068,0.0,-0.00172,0.00052,0.00044,0.00048,0.00078,0.0001,0.0008,0.0008,-0.00122,-0.00124,0.00056,-4e-05,0.00018
F,A,36,0.00074,-0.0011,-0.00394,-0.00186,-0.00624,-0.00092,4e-05,0.01242,-0.00452,-0.00118,-0.00178,-0.0009,0.03046,-0.0009,-0.00102,0.00262,0.0113,-0.02392,-0.06352,-0.00046
S,A,37,-0.0003,0.0,0.0006,0.00056,0.0008,0.00044,0.0005,0.00046,0.0,0.0,0.00036,0.0004,0.00042,0.0006,0.00034,0.0005,0.00036,0.00028,0.00036,0.0008
R,A,38,0.0,0.0,0.0,0.0,0.0,0.0,0.0,0.0,2e-05,0.0,0.0,0.0,0.0,0.0,0.0,0.0,0.0,0.0,0.0,0.0
V,A,39,0.0,0.0,0.0,0.0,0.0,0.0,0.00078,0.00028,0.0,0.0,0.0,0.0,0.00042,0.0,0.0,0.0,-0.0193,0.0,0.0,0.00026
T,A,40,-0.001,-0.0005,0.0002,0.0286,0.003,0.01746,-0.00472,0.01218,-0.0002,-0.0003,0.0,-0.0003,0.02326,-0.0002,-0.00028,-0.00854,-0.00096,0.02748,-0.04194,0.01428
S,A,41,-0.0004,0.0,0.0004,0.0004,0.00042,0.0005,-6e-05,-0.0001,0.0007,0.0,0.0005,0.0001,-0.0001,-0.0001,0.00022,-8e-05,0.0003,0.00038,0.00046,-0.0001
G,A,42,0.0,0.0,0.0,0.0,0.0,0.0,0.0,0.0,0.0002,0.0,0.0,0.0,0.0,0.0,0.0,0.0,0.0,0.0,4e-05,0.0
L,A,43,0.0,0.0,0.0,0.0,0.0,0.0,0.0,0.0,0.0,0.0,0.0,0.0,0.0,0.0,0.0,0.0,0.0,0.0,0.0,0.0
L,A,44,0.0,0.0,0.0,0.0,0.0,0.0,0.0,0.0,0.0,0.0,0.0,0.0,0.0,0.0,0.0,0.0,0.0,0.0,0.0,0.0
V,A,45,0.0,0.0,0.0,0.0,0.0,0.0,0.0,0.0,0.0,0.0,0.0,0.0,0.0,0.0,0.0,0.0,0.0,0.0,0.0,0.0
T,A,46,0.0,0.0,0.0,0.0,0.0,0.0,0.0,0.0,0.0,0.0,0.0,0.0,0.0,0.0,0.0,0.0,0.0,0.0,0.0,0.0
R,A,47,0.0,0.0,0.0,0.0,0.0,0.0,0.0,0.0,0.0,0.0,0.0,0.0,0.0,0.0,0.0,0.0,0.0,0.0,0.0,0.0
S,A,48,0.0,0.0,0.0,0.0,0.0,0.0,0.0,0.0,0.0,0.0,0.0,0.0,0.0,0.0,0.0,0.0,0.0,0.0,0.0,0.0
T,A,49,0.0,0.0,0.0,0.0,0.0,0.0,0.0,0.0,0.0,0.0,0.0,0.0,0.0,0.0,0.0,0.0,0.0,0.0,0.0,0.0
G,A,50,0.0,0.0,0.0,0.0,0.0,0.0,0.0,0.0,0.0,0.0,0.0,0.0,0.0,0.0,0.0,0.0,0.0,0.0,0.0,0.0
Q,A,51,0.0,0.0,0.0,0.0,0.0,0.0,0.0,0.0,0.0,0.0,0.0,0.0,0.0,0.0,0.0,0.0,0.0,0.0,0.0,0.0
M,A,52,0.0,0.0,0.0,0.0,0.0,0.0,0.0,0.0,0.0,0.0,0.0,0.0,0.0,0.0,0.0,0.0,0.0,0.0,0.0,0.0
N,A,53,0.0,0.0,0.0,0.0,0.0,0.0,0.0,0.0,0.0,0.0,0.0,0.0,0.0,0.0,0.0,0.0,0.0,0.0,0.0,0.0
V,A,54,0.0,0.0,0.0,0.0,0.0,0.0,0.03474,0.29728,0.0,0.0,0.0,0.0,0.05276,0.0,0.0,0.0,0.0,0.0,0.09502,0.0
V,A,55,-0.0004,-0.0004,0.0,0.0153,0.0205,0.02766,0.0271,0.0239,-0.0002,-0.0002,0.0,0.0,0.05434,0.0068,0.00072,0.03452,0.07068,-0.01646,0.0416,0.01536
L,A,56,-0.2486,-0.12206,0.10194,-0.00098,-0.0351,-0.01838,-0.03366,-0.0136,-0.17902,-0.14054,-0.1024,-0.1369,0.11686,-0.11518,-0.00228,-0.33186,-0.30742,0.1907,0.33006,-0.03502
M,A,57,0.00982,-0.00262,0.2008,0.06672,0.157,0.00284,0.07854,0.41782,0.00844,0.06674,0.9603,0.0506,0.15872,0.07836,0.01604,0.28908,0.16308,-0.05554,0.0034,0.02964
G,A,58,0.0,6.2769,17.082,17.47128,24.75866,14.66182,29.34606,30.74628,7.61672,7.66412,15.94034,8.06844,34.16562,11.83706,17.40228,13.71614,16.90726,20.69586,31.17794,19.65358
R,A,59,-0.4994,0.22504,1.55786,1.5177,3.2592,0.52068,0.69262,1.4267,4.63118,0.6084,1.53494,0.6497,0.65542,0.804,1.95458,1.60424,1.82848,0.61766,0.0,0.85278
K,A,60,-1.89994,-0.2149,1.36858,1.29698,1.66108,0.48782,0.93602,1.83054,7.92174,0.35484,1.5661,0.48454,1.09426,1.16472,0.69448,2.48932,1.51078,0.00038,0.03058,1.08014
T,A,61,-2.1877,-1.5552,-1.35452,-1.4007,-1.24796,-1.554,-1.38044,1.25324,4.76684,-1.31752,-0.05636,-1.44692,-1.391,-0.99836,-1.08242,0.18292,-0.48696,-1.27012,-1.32238,-1.1245
W,A,62,0.0213,0.07356,0.24824,0.03434,0.2075,-0.01968,-0.00334,-0.00026,1.22466,0.07206,0.10632,0.00824,-0.00456,0.0118,0.00076,0.25674,0.32548,-0.0248,-0.078,0.01078
E,A,63,-0.19428,-0.06434,0.08082,0.14292,0.17296,0.21696,0.03914,0.0711,1.44728,0.0738,0.21542,0.01358,-0.03002,-0.0193,-0.16936,0.2019,-0.00704,-0.25782,-0.34546,-0.05342
S,A,64,-0.45088,-0.35726,0.83224,3.20582,1.4688,0.83466,2.82624,2.7267,1.35094,-0.00012,0.35422,-0.2335,2.23522,1.59824,1.1055,1.78066,1.70238,1.79906,1.53566,2.9804
L,A,65,0.02158,0.02708,0.10132,-0.0079,0.02284,-0.00644,0.19532,0.13718,0.3657,0.04204,0.0993,0.05992,0.20152,0.06064,-0.0021,0.13288,0.07206,-0.0588,-0.09784,0.00718
P,A,66,-0.0012,-0.0004,-0.0005,-0.0004,-0.0005,-0.0004,-0.0004,-0.0005,0.0,-0.0004,-0.0005,-0.0004,-0.01284,-0.0004,-0.0004,-0.03036,-0.02164,-0.0004,0.01136,-0.0004
A,A,67,0.0014,0.0,-0.0017,-0.0025,-0.00602,-0.01176,0.0009,0.0008,-0.00206,0.0009,0.0002,0.0007,0.0009,0.0009,-0.00012,-0.01996,-0.00016,0.0009,0.0009,0.00072
H,A,68,0.0,0.0,0.0,0.0,0.0,0.0,0.0,0.0,0.0,0.0,0.0,0.00012,0.0,0.0,0.00024,0.0,0.0,0.0,0.00012,0.0
S,A,69,-0.00032,0.0,0.0001,0.00036,0.0042,0.0,0.0,0.0,0.00048,0.0,0.0,0.0,0.0,0.0,0.00048,-0.01744,0.00012,0.0,0.0,0.0
R,A,70,0.1492,0.1674,0.1245,0.16134,0.15402,0.14578,0.13216,0.14912,0.14752,0.16504,0.14826,0.13824,0.15854,0.1552,0.13578,0.29538,0.23238,0.05146,-0.01114,0.12804
P,A,71,0.0,0.0,0.0044,0.0,0.0109,0.0,0.02048,0.03062,0.0,0.0,0.0005,0.0,0.0,0.0,0.0,0.0,0.0,0.0,0.01772,0.0083
L,A,72,-0.00236,-0.00174,-0.00074,6e-05,-0.00018,0.01018,0.07124,0.23434,-0.0017,-0.0019,-0.00136,-0.00156,0.10492,-0.00154,6e-05,0.06904,0.0516,0.005,-0.05866,0.04814
K,A,73,0.0,0.0,0.0,0.0,0.0,0.0,0.0,0.0,0.00016,0.0,0.0,0.0,0.0,0.0,0.0,0.0,0.0,0.0,0.0,0.0
N,A,74,0.0,0.0,0.0,0.0,0.0,0.0,0.0,0.0,0.0,0.0,0.0,0.0,0.0,0.0,0.0,0.0,0.0,0.0,0.0,0.0
R,A,75,-0.019,-0.019,-0.019,-0.019,-0.019,-0.019,-0.01896,-0.01924,-0.019,-0.019,-0.019,-0.019,-0.019,-0.019,-0.019,-0.019,-0.02106,-0.0154,-0.0005,-0.019
I,A,76,0.0,0.0,0.0,0.0,0.0,0.0,0.0,0.0,0.0,0.0,0.0,0.0,0.0,0.0,0.0,0.0,0.0,0.0,0.0,0.0
N,A,77,0.0,0.0,0.0,0.00828,0.0,0.04862,0.21438,0.0,0.0,0.0,0.0,0.0,0.1052,0.0,0.0,0.04702,0.0,0.0,0.0,0.0
V,A,78,-0.10624,-0.05496,-0.00414,-0.06298,0.03962,-0.02748,0.0836,-0.11332,-0.07268,-0.07094,0.018,-0.07118,0.04484,-0.05918,0.00578,-0.22734,-0.22002,0.10742,0.18184,0.0453
V,A,79,-0.18394,-0.1981,-0.00072,0.2645,-0.01074,0.59394,0.75924,0.92696,-0.27098,-0.21822,-0.00148,-0.23126,0.56224,0.1339,-0.19882,0.5072,-0.15618,1.11142,0.7098,1.19664
I,A,80,-0.4662,-0.5805,-0.16306,0.02786,0.02764,0.131,0.09794,0.48326,-0.34448,-0.21174,-0.43202,-0.3501,0.07182,-0.24986,0.2891,-1.19394,-1.0509,0.58274,0.71802,0.04888
S,A,81,-3.3077,-2.32836,-0.31446,0.90462,4.10904,3.06608,23.14274,28.70628,-1.62314,-0.00622,0.51278,-0.79306,22.56004,1.10192,5.57066,0.23656,8.01764,6.30176,5.77104,9.90924
R,A,82,-6.5569,-6.3278,-6.62296,0.3869,0.94722,-0.08366,0.08208,0.06594,-6.03364,-6.32186,-6.60064,-6.62898,0.03434,-0.1,0.39424,-0.37586,-0.42968,0.00848,-0.007,0.1687
Q,A,83,-2.61584,-2.416,-2.5998,-2.6745,-2.58682,-0.04202,-0.13608,0.10748,-3.22882,-2.4595,-2.6742,-2.34066,-0.30586,-2.6345,0.0,-1.90486,0.40898,-0.21132,-0.3527,-3.4437
E,A,84,-0.0841,-0.0705,-0.08082,-0.0779,-0.06524,-0.0717,-0.0779,-0.0779,-0.24994,-0.0779,-0.0762,-0.07094,-0.0779,-0.07462,-0.0718,0.03714,0.0,-0.12284,-0.20276,-0.07728
V,A,85,-0.13626,0.0012,0.0,-0.0008,-0.00032,-0.0015,-0.00256,-0.01642,-0.01312,-0.00726,0.0012,0.00072,-0.00266,0.00046,-0.00044,0.00472,0.08816,-0.03632,-0.05522,-0.0009
L,A,86,-0.89686,-0.12132,0.01234,-0.00516,-0.00986,-0.04706,-0.2351,3.9013,-0.27886,-0.0243,-0.0087,-0.0512,3.03838,-0.07366,0.11184,0.122,0.57024,0.16458,-0.13892,0.23272
D,A,87,-0.03324,-0.03242,-0.03244,-0.03242,-0.03246,-0.03244,-0.03246,-0.03242,-0.03702,-0.03282,-0.03262,-0.03498,-0.03242,-0.03244,-0.03386,-2e-05,0.00252,-0.0616,-0.10048,-0.03242
L,A,88,0.0121,0.00546,-0.06654,-6e-05,0.0098,0.00848,0.01072,0.01686,0.01116,0.01232,0.01354,0.01246,0.01692,-0.00516,0.0133,0.1042,-0.26938,0.0096,-0.01692,0.0168
G,A,89,0.0,0.0,-0.00114,0.0,-0.00076,-0.00812,-0.00014,-0.001,0.02604,0.0,-0.0006,2e-05,-0.00012,0.0,-0.00012,2e-05,0.00472,0.00032,0.00046,0.0
G,A,90,0.0,0.0,0.0,0.0,0.0,0.0,0.0,0.0,0.0,0.0,0.0,0.0,0.0,0.0,0.0,0.0,0.0,0.0,0.0,0.0
G,A,91,0.0,0.0,0.0,0.0,0.0,0.0,0.0,0.0,0.0,0.0,0.0,0.0,0.0,0.0,0.0,0.0,0.0,0.0,0.0,0.0
A,A,92,0.0,0.0,0.0141,-0.03002,0.0048,-0.00162,-0.0121,0.02316,-0.00074,0.0,0.0033,0.00102,-0.021,0.0,0.00462,-0.01788,0.09018,-0.01092,0.03086,0.00734
Y,A,93,0.0,0.0,0.0,0.0,-0.00524,0.0,0.0,0.0,0.0,0.0,0.0,0.0,0.0,0.0,0.0,-0.02046,-0.01946,0.0,0.0,0.0
H,A,94,-0.3142,-0.3147,-0.25458,-0.17782,-0.19206,-0.25646,-0.2579,-0.30192,-0.3147,-0.3147,-0.321,-0.22992,-0.24274,-0.31468,-0.04818,-0.36806,-0.31734,-0.55208,-0.3363,-0.18854
A,A,95,-0.1498,0.0,0.05442,-0.06756,0.15558,-0.06248,-0.04808,0.0776,0.09204,0.0693,0.04254,-0.06294,0.0001,-0.05314,-0.07204,-0.25246,-0.41328,-0.11418,0.1129,-0.01272
R,A,96,-0.15048,0.0063,-0.01184,-0.10622,-0.1659,-0.14016,-0.38738,-0.22298,-0.23098,-0.17348,-0.15398,-0.16314,-0.3861,-0.26376,-0.14732,-0.6104,-0.43436,0.03638,-0.00156,-0.30876
S,A,97,-0.0111,0.0015,0.06288,-0.04144,0.0233,-0.29022,0.33412,0.04874,-0.0068,0.0,0.04262,-0.07978,0.35904,0.04146,-0.22034,-1.30768,-1.82696,-0.09862,0.10058,0.0279
L,A,98,-0.32252,-0.24776,-0.21136,-0.00292,-0.10176,0.1759,-0.09674,-0.32114,0.02046,-0.24082,-0.08244,-0.1891,-0.0986,-0.25032,-0.09798,-0.89888,-1.10896,0.24546,0.25666,0.07474
D,A,99,0.30328,0.30406,0.29992,0.30426,0.3012,0.3044,0.30824,0.30372,0.2804,0.30438,0.30362,0.30514,0.30024,0.30312,0.30298,-0.00022,-0.0682,0.45,0.40684,0.30084
D,A,100,0.1984,0.26986,0.2577,0.18484,0.25698,0.24396,0.26752,0.0739,0.25836,0.27142,0.2257,0.25144,0.22158,0.26946,0.18038,0.00148,-0.13284,0.28308,0.34892,0.18072
A,A,101,-0.1702,0.0,0.03308,0.19378,0.11986,0.61168,0.04868,0.17486,0.32608,-0.00376,0.03808,-0.0018,-0.00458,0.0376,0.43222,-0.28348,0.91052,0.23996,0.52166,-0.00386
L,A,102,-0.01424,-0.00364,0.00398,0.0,0.0008,-0.00134,0.00822,0.00996,-0.13314,-0.00402,-0.0072,-0.0074,0.00808,0.00818,6e-05,-0.18926,-0.18724,0.02036,0.05958,-0.00718
A,A,103,0.0027,0.0,-0.0032,-0.00318,-0.00572,-0.0058,-0.0094,-0.01794,-0.00248,-0.00334,-0.00196,-0.0012,-0.00704,0.0003,-0.00094,-0.06462,-0.0245,0.02746,0.07414,0.0005
L,A,104,0.0033,-0.002,-0.0079,0.0,-0.01422,0.0,-0.00112,-0.0022,-0.01278,0.0,-0.00316,0.0,-0.00114,-0.01398,-0.0008,-0.09286,-0.06612,0.02714,0.0298,0.2352
L,A,105,0.0,0.0,0.0,0.0,0.0,0.0,0.0387,0.47466,-0.00152,0.0,0.0,0.0,0.04798,0.0,0.0,-0.13748,-0.05486,0.13774,0.24762,0.00912
S,A,106,-2e-05,0.0,0.0,-6e-05,-0.00114,-0.00116,0.0,0.0,0.0,0.0,0.0,-0.00232,0.0,0.0,-0.00928,0.0,0.0,0.00678,0.0042,0.0
Q,A,107,0.0,0.0,0.0,0.0,0.0,0.0,0.0,-0.0011,0.0,0.0,0.0,0.0,0.0,0.0,0.0,0.0,0.0,-0.0003,0.0,0.0
I,A,108,0.0,0.0,0.0,0.0,0.0,0.0,0.0,0.0,0.0,0.0,0.0,0.0,0.0,0.0,0.0,0.0,0.0,0.0,0.0,0.0
Y,A,109,0.0,0.0,0.0,0.0,0.0,0.0,0.0,0.0,0.0,0.0,0.0,0.0,0.0,0.0,0.0,0.0,0.0,0.0,0.0,0.0
D,A,110,0.0,0.0,0.0,0.0,0.0,0.0,0.0,0.0,0.0,0.0,0.0,0.0,0.0,0.0,0.0,0.0,0.0,0.0,0.0,0.0
S,A,111,0.0,0.0,0.0,0.0,0.0,0.0,0.0,0.0,0.0,0.0,0.0,0.0,0.0,0.0,0.0,0.0,0.0,0.0,0.0,0.0
T,A,112,0.0,0.0,0.0,0.0,0.0,0.0,0.0,0.0,0.0,0.0,0.0,0.0,0.0,0.0,0.0,0.0,0.0,0.0,0.0,0.0
S,A,113,0.0,0.0,0.0,0.0,0.0,0.0,0.0,0.0,0.0,0.0,0.0,0.0,0.0,0.0,0.0,0.0,0.0,0.0,0.0,0.0
K,A,114,0.0,0.0,0.0,0.0,0.0,0.0,0.0,0.0,0.0,0.0,0.0,0.0,0.0,0.0,0.0,0.0,0.0,0.0,0.0,0.0
I,A,115,0.0,0.0,0.0,0.0,0.0,0.0,0.0,0.0,0.0,0.0,0.0,0.0,0.0,0.0,0.0,0.0,0.0,0.0,0.0,0.0
Q,A,116,0.0,0.0,0.0,0.0,0.0,0.0,0.0,0.0,0.0,0.0,0.0,0.0,0.0,0.0,0.0,0.0,0.0,0.0,0.0,0.0
L,A,117,0.0,0.0,0.0,0.0,0.0,0.0,0.0,0.0,0.0,0.0,0.0,0.0,0.0,0.0,0.0,0.0,0.0,0.0,2e-05,-2e-05
N,A,118,0.0,0.0,0.0,0.0,0.0,0.0,0.0,0.0,0.0,0.0,0.0,0.0,0.0,0.0,0.0,0.0,0.0,0.0,0.0,0.0
R,A,119,0.0,0.0,0.0,0.0,0.0,0.0,0.0,0.0,0.0,0.0,0.0,0.0,0.0,0.0,0.0,0.0,0.0,0.0,0.0,0.0
V,A,120,0.0,0.0,0.0,0.0,0.0,-2e-05,0.0,-0.01102,0.0,0.0,0.0,0.0,0.0,0.0,0.0,-0.16918,0.0,0.00656,0.05412,0.0
F,A,121,0.0,0.0,0.0053,0.0,0.00266,0.0,0.0,0.0,0.0,0.0,0.0,0.0,0.0,0.0,0.0,-0.01674,-0.0106,0.0,0.00714,0.0
V,A,122,-0.28492,-0.30706,0.0002,0.00974,-0.03502,-0.16214,0.2361,0.0929,-0.3078,-0.2798,-0.05018,-0.25018,0.02238,-0.14936,-0.2205,-0.22058,-0.41948,-0.02598,0.30364,-0.08962
I,A,123,0.01834,0.01412,-0.0129,-0.0556,0.00034,0.0094,0.05658,0.14358,0.32272,0.03886,0.0443,0.03746,0.09458,0.01632,0.0371,0.07612,0.06358,0.00882,0.14304,0.03528
G,A,124,0.0,3.1801,11.27424,7.91442,13.62846,6.74878,9.2257,10.92084,6.6162,6.3288,10.30052,6.05436,9.48864,8.29678,8.1306,8.7464,7.71822,7.40234,7.65596,9.07276
G,A,125,0.0,12.5583,30.48166,37.02138,34.03118,30.55646,52.95928,61.88312,19.5175,17.94494,27.14804,21.10526,59.82576,31.70512,33.54902,34.28472,31.50658,31.52292,39.10368,49.6606
G,A,126,0.0,1.01068,2.43782,1.77224,3.6325,1.48052,1.48406,1.88844,4.95924,0.9818,2.5865,1.08196,1.48228,1.57082,1.6421,2.1489,2.20792,1.14692,1.20758,1.36652
E,A,127,-0.23224,0.22328,1.2665,0.35104,0.98244,0.12138,0.49324,0.36098,2.12118,0.6153,1.18002,0.57922,0.56834,0.6662,0.44044,0.23048,0.01338,0.1102,0.0721,0.4635
L,A,128,-0.8483,-0.63212,0.62566,-0.0082,0.24002,0.06758,0.25578,0.35006,3.74572,-0.48168,0.3841,-0.40608,0.72484,-0.18036,0.31998,-1.27238,-1.36962,0.46562,3.22014,0.1152
C,A,129,-0.22702,-0.0437,0.02698,0.2203,0.061,-0.05396,0.08988,4.31696,2.39012,-0.03138,0.23766,-0.00044,0.41772,0.13794,0.26412,0.28474,0.3364,0.18736,2.00456,0.19092
K,A,130,0.0223,0.00382,0.03944,-0.00448,0.07378,-0.02476,0.02368,0.01806,1.89716,0.01452,0.00536,0.00906,0.051,-0.02926,-0.03036,-0.33524,-0.15988,0.0043,0.04124,0.01156
A,A,131,-0.2074,0.0,0.1764,-0.2489,-0.06688,-0.12882,-0.14344,-0.06868,0.76962,0.0961,0.26602,0.00742,-0.0976,0.17182,0.00078,-0.8608,-1.18752,0.07332,0.27048,0.18996
A,A,132,-0.1163,0.0,0.16066,0.10856,0.11196,-0.05508,0.27242,0.46378,0.35592,0.0132,0.05152,-0.04114,0.23616,-0.04116,-0.01,-0.23034,-0.22058,0.06052,0.27742,0.02774
M,A,133,-0.00148,-0.00106,0.00416,0.0055,0.00024,0.0,0.00194,-0.00604,0.00354,-0.00036,-0.00042,-0.0005,-0.00548,-0.00032,0.00014,-0.0115,-0.04258,0.01096,0.03506,0.0001
E,A,134,0.2084,0.20554,0.19062,0.142,0.142,0.15968,0.142,0.142,0.12384,0.19826,0.18638,0.19168,0.1883,0.1777,0.13536,0.0497,0.0008,0.24262,0.22308,0.21122
H,A,135,-0.0215,0.0239,-0.02576,0.0043,-0.0675,0.03688,-0.03588,-0.06428,0.0253,0.00256,0.01088,-0.0115,0.02208,0.03398,-0.03808,-0.2853,-0.22678,0.12986,0.34318,0.0
S,A,136,0.0001,0.0,-0.00012,0.00064,0.00382,-0.00064,-0.00528,-0.01358,-8e-05,0.0,0.0073,-0.0002,-0.00706,-0.0001,-0.0001,-0.0001,-0.0001,0.0002,0.00156,0.0
R,A,137,-0.01432,-0.00468,-0.00358,0.0,-0.0111,-0.00716,-0.00358,-0.00738,0.05114,-0.00358,0.0,-0.0073,0.0,0.0,-0.00716,-0.02342,-0.02706,-0.00722,-0.00352,-0.00712
L,A,138,-0.00066,0.0018,0.0001,-2e-05,-4e-05,-0.00016,-0.00606,0.15844,-0.00026,-0.00042,-2e-05,-0.0005,0.01014,0.0,-4e-05,-0.06872,-0.05464,0.09618,0.10072,0.0002
N,A,139,0.0,0.0,0.0,0.0,0.0,0.0074,0.00932,-0.0005,-0.0001,0.0,0.0,0.0,-0.00248,0.0,0.0,2e-05,0.0,-0.00042,0.00296,0.00414
R,A,140,0.0,0.0,0.0,0.0,0.0,0.0,0.0,0.0,0.0,0.0,0.0,0.0,0.0,0.0,0.0,0.0,0.0,0.0,0.0,0.0
I,A,141,0.0,0.0,0.0,0.0,0.0,0.0,0.00796,0.01912,0.00068,0.0,0.0,0.0,0.01848,0.0,0.0,0.03052,0.01268,-0.00286,-0.02612,-0.00032
I,A,142,0.0,0.0,0.0,0.0,0.0,0.0,8e-05,-0.0011,0.0,0.0,0.0,0.0,0.00056,0.0,0.0,-0.02256,-0.01854,0.00014,0.03352,0.00078
A,A,143,0.0,0.0,0.00084,-0.0019,-0.00144,0.02008,-0.00148,0.0315,0.0,0.0,0.0,0.0,0.36584,-0.01138,0.00014,-0.04174,-0.02322,0.00244,0.0336,0.0155
T,A,144,0.00994,0.00142,-0.00622,-0.00282,-0.00704,-0.00758,-0.00294,-0.00316,-0.0005,0.0023,0.0,-0.00286,-0.00322,-0.00166,-0.00418,-0.06102,-0.06752,0.0398,0.09198,0.00074
V,A,145,0.01206,0.0,0.0,0.0,0.0,-6e-05,0.0,0.0,0.0,0.0,0.0,0.0,0.0,0.0,0.0,-0.01924,-0.03874,0.0219,0.00382,0.0
I,A,146,0.00036,0.0,0.0,-0.00096,0.0,-0.00154,-0.00384,-0.00708,0.00036,0.00054,0.0,0.00036,-0.0053,0.00018,0.00018,-0.05254,-0.0775,0.0429,0.09146,-0.00298
H,A,147,0.0,0.0,0.0,0.0,0.0,0.0,0.0,0.0,0.0,0.0,0.0,0.0,0.0,0.0,0.0,0.0,0.0,0.0,0.0,0.0
N,A,148,0.0,0.0,0.0,0.0,0.0,0.0,0.0,0.0,0.0,0.0,0.0,0.0,0.0,0.0,0.0,0.0,0.0,0.0,0.0,0.0
E,A,149,0.0,0.0,0.0,0.0,0.0,2e-05,0.0,2e-05,0.0,0.0,0.0,0.0,0.0,0.0,0.0,0.0,0.0,0.0,0.0,0.0
V,A,150,0.0,0.0,0.0,0.0,0.0,0.0,0.0,0.0,0.0,0.0,0.0,0.0,0.0,0.0,0.0,-0.0462,-0.01758,0.0105,0.0,0.0411
D,A,151,0.0,0.0,0.0,0.0001,0.0,0.00154,-0.00228,-0.0037,0.0,0.0,0.0,0.0,-0.00132,0.0,0.0,0.0,-0.00736,-0.01002,0.0001,4e-05
C,A,152,-0.11618,-0.05996,0.01204,0.08134,0.09242,0.01658,-0.01942,-0.02638,-0.09054,-0.04994,0.01832,-0.00668,-0.03816,0.07004,-0.03758,0.10012,0.01498,-0.0814,-0.06478,0.0085
D,A,153,-0.11536,-0.19764,-0.47646,-0.17852,-0.32352,-0.37602,-0.19078,-0.12764,-0.19836,-0.19576,-0.47744,-0.31056,-0.10708,-0.22838,-0.1485,-0.0017,-0.05446,-0.48866,-0.1769,-0.17764
V,A,154,-2.0085,-1.35734,0.00212,0.47546,0.47466,0.5909,1.13102,1.84796,-1.01756,-0.77964,-0.04472,-0.41706,1.34374,0.4586,0.84546,2.7603,2.09168,-0.19482,0.08052,1.63498
F,A,155,0.0718,0.01634,-0.00226,0.00442,-0.0071,-0.00688,0.0,-0.00614,-0.06266,0.00064,0.00124,0.00844,-0.00206,-0.00224,0.00222,0.13776,0.18844,-0.06982,-0.03856,-0.00118
F,A,156,-0.2632,-0.22764,0.14736,-0.06138,0.21182,-0.0249,-0.0055,-0.05116,0.63958,-0.25068,-0.1789,-0.19778,-0.00796,-0.24744,0.05572,-0.15766,0.05948,-0.14608,-0.11338,-0.0753
P,A,157,0.02112,0.03274,0.02652,0.03236,0.1614,0.09506,0.2305,0.1459,-0.0003,0.0413,0.02364,0.0009,0.31224,0.01396,0.00622,0.17214,0.09688,-0.15218,-0.17326,0.17902
I,A,158,0.01576,0.0082,-0.001,-0.0003,0.0,0.0033,0.03058,0.00966,-0.00148,0.02136,0.0186,-0.00078,0.03692,0.0229,-0.00156,-0.0088,0.00142,0.00386,0.00908,0.02742
D,A,159,0.01074,0.00658,0.02626,-0.0007,0.0061,-0.001,0.0021,-0.00068,-0.00522,0.00234,0.00852,0.0002,-0.00064,-0.00012,-0.00072,0.0,-0.00056,-0.00052,-0.00062,-0.0032
F,A,160,0.0,-0.00014,0.00016,0.00474,0.00024,0.0,0.0,-0.0187,-0.0003,0.0,4e-05,0.0,0.0,-0.00016,0.0068,0.00538,-0.00176,0.00168,0.00026,0.0
R,A,161,0.0,0.0,0.0,0.00298,0.0,0.0,0.0,0.0,-0.00074,0.0,0.0,0.0,0.0,0.0,0.0,0.0,0.0,0.0,0.0,0.0
S,A,162,0.0,0.0,-0.0001,0.0,0.0,0.0,-0.00058,-0.0003,-0.00798,0.0,0.0,0.0,-0.00016,0.0,2e-05,0.0,0.0,0.0,0.0,0.0
S,A,163,0.0,0.0,0.0,0.0,0.0,0.0,0.0,0.0,0.0,0.0,0.0,0.0,0.0,0.0,0.0,0.0,0.0,0.0,0.0,0.0
Q,A,164,0.0,0.0,0.0,0.0,0.0,0.0,0.0,0.0,0.0,0.0,0.0,0.0,0.0,0.0,0.0,0.0,0.0,0.0,0.0,0.0
S,A,165,0.0,0.0,0.0,0.0,-8e-05,0.0,0.0,-8e-05,0.0,0.0,0.0,0.0,0.0,0.0,0.0,0.0,0.0,0.0,0.0,0.0
C,A,166,0.0,0.0,0.0,0.0,0.0,0.0,0.0,0.0,0.0,0.0,0.0,0.0,0.0,0.0,0.0,0.0,0.0,0.0,0.0,0.0
L,A,167,0.0,0.0,0.0,0.0,0.0,0.00018,0.0,0.0,0.0,0.0,0.0,0.0,0.0,0.0,0.0,0.0,0.0,0.0,4e-05,0.0
P,A,168,-0.00036,-0.0004,-6e-05,-6e-05,0.00032,0.00022,-0.0002,-8e-05,0.0,-0.0003,-0.0002,-0.0004,-0.00028,-0.00018,-6e-05,0.00034,-0.00014,-0.0004,-0.00036,-0.0004
W,A,169,-0.00148,-0.00144,-0.00146,-0.00262,-0.00108,0.0034,-0.00026,0.0,-0.00156,-0.0014,-0.00146,-0.00126,-0.00032,-0.00122,-0.00098,-0.00132,0.0035,-0.00288,-0.007,-0.0007
R,A,170,0.0,0.0,0.0,0.0,0.0,0.0,0.0,0.0,0.0,0.0,0.0,0.0,0.0,0.0,0.0,0.0,0.0,0.0,0.0,0.0
K,A,171,0.0,0.0,2e-05,0.0,0.0,0.0,0.0,0.0,0.0,0.0,0.0,0.0,0.0,2e-05,0.0,0.0,0.0,0.0,0.0,0.0
Q,A,172,0.0,0.0,0.0,0.0,0.0,0.0,0.0,0.0,0.0,0.0,0.0,0.0,0.0,0.0,0.0,0.0,0.0,0.0,0.0,0.0
D,A,173,0.0,0.0,0.0,0.0,0.0,0.0,0.0,0.0,0.0,0.0,0.0,0.0,0.0,0.0,0.0,0.0,0.0,0.0,0.0,0.0
H,A,174,0.0,0.0,0.0,0.0,0.0,0.0,0.0,0.0,0.0,0.0,0.0,0.0,0.0,0.0,0.0,0.0,0.0,0.0,0.0,0.0
S,A,175,0.0,0.0,0.0,0.0,0.0,0.0,0.0,0.0,0.0,0.0,0.0,0.0,0.0,0.0,0.0,0.0,0.0,0.0,0.0,0.0
V,A,176,0.0,0.0,0.0,0.0,0.0,0.0,0.0,0.0,0.0,0.0,0.0,0.0,0.0,0.0,0.0,0.0,0.0,0.0,0.0,0.0
L,A,177,0.0,0.0,0.0,0.0,0.0,0.0,0.0,0.0,0.0,0.0,0.0,0.0,-0.00048,0.0,0.0,0.0,0.0,0.0,0.0,0.0
E,A,178,0.0,0.0,0.0,0.0,0.0,0.0,0.0,0.0,0.0,0.0,0.0,0.0,0.0,0.0,0.0,0.0,0.0,0.0,0.0,0.0
A,A,179,0.0,0.0,0.0,0.0,0.0,0.0,0.0,0.0,0.0,0.0,0.0,0.0,0.0,0.0,0.0,0.0,0.0,0.0,0.0,0.0
W,A,180,0.0,0.0,0.0,0.0,0.0,0.0,0.0,0.0,0.0,0.0,0.0,0.0,0.0,0.0,0.0,0.0,0.0,0.0,0.0,0.0
V,A,181,0.0,0.0,0.0,0.0,0.0,0.0,-0.00106,6e-05,0.0,0.0,0.0,0.0,-0.00058,0.0,0.0,0.0,0.0,0.0,0.0,0.0
G,A,182,0.0,0.0,0.0,0.0,0.0,0.0,0.0,0.0,0.0,0.0,0.0,0.0,0.0,0.0,0.0,0.0,0.0,0.0,0.0,0.0
S,A,183,0.0,0.0,0.0,0.0,0.0,0.0,0.0,0.0,0.0,0.0,0.0,0.0,0.0,0.0,0.0,0.0,0.0,0.0,0.0,0.0
K,A,184,0.0,0.0,0.0,0.0,0.0,0.0,0.0,0.0,0.0,0.0,0.0,0.0,0.0,0.0,0.0,0.0,0.0,0.0,0.0,0.0
V,A,185,0.0,0.0,0.0,-0.00038,0.0,-0.00164,-0.00128,-0.00132,0.0,0.0,0.0,0.0,-0.0007,0.0,0.0,0.0,-4e-05,-0.0014,-0.00066,-0.00032
P,A,186,0.0,0.0,0.0,0.0,0.0,0.0,0.0,0.0,0.0,0.0,0.0,0.0,0.0,0.0,0.0,0.0,0.0,0.0,0.0,0.0
Q,A,187,0.0,0.0,0.0,0.0,0.0,0.0,0.0,0.0,0.0,0.0,0.0,0.0,0.0,0.0,0.0,0.0,0.0,0.0,0.0,0.0
G,A,188,0.0,0.0,0.0,0.0,0.0,0.0,0.0,0.0,0.0,0.0,0.0,0.0,0.0,0.0,0.0,0.0,0.0,0.0,0.0,0.0
K,A,189,0.0,0.0,0.0,0.0,0.0,0.0,0.0,0.0,0.0,0.0,0.0,0.0,0.0,0.0,0.0,0.0,0.0,0.0,0.0,0.0
I,A,190,0.0,0.0,0.0,0.0,0.0,0.0,0.0,0.0,0.0,0.0,0.0,0.0,0.0,0.0,0.0,0.0,0.0,0.0,0.0,0.0
N,A,191,0.0,0.0,0.0,0.0,0.0,0.0,0.0,0.0,0.0,0.0,0.0,0.0,0.0,0.0,0.0,0.0,0.0,0.0,0.0,0.0
E,A,192,-0.01322,0.0,0.0,0.0,0.0,0.0,0.0,0.0,-0.0006,-0.00122,0.0,-0.00012,8e-05,-0.00018,0.0,0.0,0.0,-0.00102,-0.00264,0.0
N,A,193,0.0,0.0,0.0,0.0,-0.00204,0.00334,0.0,-0.0025,0.0,0.0,0.0,0.0,0.0,0.0,0.0,0.0,0.0,0.00756,0.00802,0.0
G,A,194,0.0,0.0,0.0,0.0,0.0,0.0,0.0,0.0,0.0,0.0,0.0,0.0,0.0,0.0,0.0,0.0,0.0,0.0,0.0,0.0
F,A,195,0.0,0.0,0.0,0.0,0.0,0.0,0.0,0.0008,0.0,0.0,0.0,0.0,0.0,0.0,0.0,0.0,0.0,0.0028,0.01826,0.0
I,A,196,0.0,0.0,0.0,0.0,0.0,0.0,0.0,0.0,0.0,0.0,0.0,0.0,0.0,0.0,0.0,0.0,0.0,0.0,0.0,0.0
Y,A,197,0.00088,0.00086,0.00078,-0.00182,-0.0028,-0.00084,8e-05,-0.001,0.00078,0.00082,0.0008,0.00084,0.0,0.00026,0.00088,0.0003,-0.00228,0.00866,0.0128,8e-05
E,A,198,0.0,0.0,0.0,0.0,0.0,0.0,0.0,0.0,0.0,0.0,0.0,0.0,0.0,0.0,0.0,0.0,0.0,0.0,0.0,0.0
F,A,199,-0.00058,0.00036,-0.00072,-0.00042,-0.00144,-0.00202,-4e-05,-0.00314,-0.00048,-0.00076,-0.00156,0.00032,-0.00076,-0.00266,-0.00182,-0.00196,-0.00188,0.00034,0.00072,-0.0024
E,A,200,0.02668,0.02054,0.02478,0.03008,0.02708,0.02058,0.02752,0.02124,0.02448,0.01466,0.0147,0.03076,0.02116,0.03044,0.02734,0.02382,0.0,0.02698,0.02458,0.01714
M,A,201,0.0,0.0,0.0,0.0,0.0,0.0,0.0,0.0,0.0,0.0,0.0,0.0,0.0,0.0,0.0,0.0,0.0,0.0,0.0,0.0
W,A,202,0.0,0.01028,0.0,0.0,0.0,0.0,0.0,0.0,0.0,0.0,0.0,-4e-05,0.01078,0.0,0.0,0.01028,0.00724,0.0,0.01042,0.00324
I,A,203,0.0,0.0,0.0,0.0,0.0,0.0,0.0,0.0,0.0,0.0,0.0,0.0,0.0,0.0,0.0,0.0,0.0,0.0,0.0,0.0
R,A,204,-0.01156,-0.01894,-0.01484,-0.01358,-0.01346,-0.01528,-0.01958,-0.01336,-0.0133,-0.01528,-0.0169,-0.0151,-0.0153,-0.01152,-0.01696,-0.02588,-0.03184,-0.0151,0.00196,-0.01694
D,A,205,0.0,0.0,0.0,0.0,0.0,0.0,0.0,0.0,0.0,0.0,0.0,0.0,0.0,0.0,0.0,0.0,0.0,0.0,0.0,0.0
I,A,206,0.0,0.0,0.0,0.0,0.0,0.0,8e-05,4e-05,0.0,0.0,0.00022,-4e-05,-2e-05,0.00208,0.0,0.0,0.0,0.0,-4e-05,0.0
