,position,codon,mutant,median_DMSO,rep1_DMSO,rep2_DMSO,rep3_DMSO,median_MTX4,rep1_MTX4,rep2_MTX4,rep3_MTX4,median_MTX20,rep1_MTX20,rep2_MTX20,rep3_MTX20,median_dgr_MTX,dgr1_MTX,dgr2_MTX,dgr3_MTX,median_dgr_DMSO,dgr1_DMSO,dgr2_DMSO,dgr3_DMSO
0,10,TAG,I10*,0.05667901,0.05667901,0.039537941,0.067376502,-0.019363594,-0.019363594,-0.009225894,-0.064503439,0.138289739,0.089631638,0.138289739,0.238724946,0.04318353,0.040477544,0.049447236,0.04318353,0.30232164,0.300685105,0.30232164,0.306758477
1,10,CAT,I10H,0.074501223,0.076994611,-0.008660331,0.074501223,0.923015574,0.923015574,0.850285295,0.941092391,1.153965694,1.153965694,1.149940009,1.226548138,0.147368,0.14876,0.147368,0.146119,0.291317,0.290221,0.294737,0.291317
2,10,AGG,I10R,0.030000589,0.019053754,0.030000589,0.031369595,-0.250465748,-0.179783534,-0.265553499,-0.250465748,0.014380039,0.014380039,0.132633135,-0.013443305,0.048660145,0.048660145,0.046834841,0.048740861,0.28913738,0.28913738,0.290205761,0.285217391
3,11,CAG,V11Q,0.016038113,0.026688196,0.016038113,0.005585897,0.737740687,0.76152946,0.708056044,0.737740687,0.894380336,0.879289674,0.894380336,0.918160998,0.12766,0.12749,0.12766,0.128342,0.291317,0.292958,0.291317,0.280702
4,11,CGG,V11R,-0.016249076,0.017736638,-0.016249076,-0.025397829,-0.290557445,-0.222237374,-0.290557445,-0.370846217,-0.273687912,-0.233479759,-0.282866881,-0.273687912,0.038797284,0.038797284,0.044058958,0.038011439,0.302537099,0.297142103,0.310680973,0.302537099
5,19,CAT,I19H,0.047410436,0.047410436,-0.002013889,0.10344491,0.919672484,0.919672484,0.813677144,0.939061107,1.140104682,1.140104682,1.130198888,1.223555441,0.137112132,0.137112132,0.136066819,0.137347854,0.304578633,0.304578633,0.301653531,0.305982517
6,19,CCT,I19P,-0.00277817,0.03412935,-0.00277817,-0.032178225,-0.390580273,-0.556330268,-0.390580273,-0.372664729,-0.077583258,-0.01895779,-0.109504907,-0.077583258,0.0421053,0.040404,0.0421053,0.0425532,0.28479,0.28479,0.287425,0.27907
7,27,TAG,W27* (TAG),0.049087036,0.050681268,0.012686363,0.049087036,0.032416325,0.186499052,-0.033236953,0.032416325,0.447511883,0.447511883,0.556007837,0.292952109,0.046103006,0.050811843,0.046103006,0.043850845,0.299695925,0.303594659,0.296689824,0.299695925
8,27,TAA,W27* (TAA),0.049087036,0.050681268,0.012686363,0.049087036,0.032416325,0.186499052,-0.033236953,0.032416325,0.447511883,0.447511883,0.556007837,0.292952109,0.035974628,0.035730237,0.040442219,0.035974628,0.308061176,0.30991089,0.299603589,0.308061176
9,33,TAG,M33* (TAG),0.0949191,0.0949191,0.045896921,0.109664366,0.069219762,0.141184162,-0.001753066,0.069219762,0.364682129,0.364682129,0.386810888,0.346219746,0.045229682,0.043828432,0.046270928,0.045229682,0.302340787,0.302340787,0.30383614,0.300318071
10,33,TAA,M33* (TAA),0.0949191,0.0949191,0.045896921,0.109664366,0.069219762,0.141184162,-0.001753066,0.069219762,0.364682129,0.364682129,0.386810888,0.346219746,0.039604,0.039604,0.0392157,0.04,0.283186,0.288288,0.283186,0.28169
11,33,CCG,M33P,0.040913061,0.061689416,0.040913061,0.031432559,1.110505183,1.198286417,1.110505183,1.102279435,1.508162244,1.508162244,1.510087319,1.488056675,0.232983367,0.230402241,0.232983367,0.233157474,0.304565997,0.303547151,0.306070214,0.304565997
12,33,TGG,M33W,0.042423669,0.045892405,0.018747649,0.042423669,0.90524561,0.948236446,0.843535445,0.90524561,1.193326688,1.193326688,1.164041038,1.208685875,0.164190509,0.164190509,0.163401858,0.166211198,0.302010256,0.302010256,0.304190441,0.298763736
13,33,TAT,M33Y,0.039392319,0.04065702,-0.008135046,0.039392319,0.165041826,0.17729699,0.05917458,0.165041826,0.243335428,0.243335428,0.155568228,0.247462483,0.056512949,0.053381102,0.057529185,0.056512949,0.308034373,0.313481481,0.300193424,0.308034373
14,35,AAT,F35N,0.005748466,-0.019918835,0.015814152,0.005748466,0.868210602,0.88064701,0.868210602,0.848951011,1.128057768,1.119130676,1.167802513,1.128057768,0.168398648,0.165101721,0.168398648,0.171970881,0.293007179,0.29552216,0.292053247,0.293007179
15,35,GAT,F35D,0.011704274,0.043037918,-0.009715497,0.011704274,-0.282666788,-0.229261704,-0.282666788,-0.32740881,-0.073282828,-0.147081036,-0.02273361,-0.073282828,0.039014874,0.058269066,0.038645873,0.039014874,0.295080692,0.297050562,0.295080692,0.287497153
16,58,CAG,G58Q,-0.028319225,-0.017226135,-0.049411497,-0.028319225,0.255191421,0.255191421,0.330331073,0.190023615,0.751697378,0.724568141,0.828958331,0.751697378,0.048049972,0.038354124,0.048049972,0.052315794,0.301679657,0.298810719,0.301679657,0.306196498
17,58,GAT,G58D,-0.018714584,0.030818972,-0.018714584,-0.024027589,-0.398054442,-0.398054442,-0.586136987,-0.395280287,-0.182874746,-0.442192734,-0.179471249,-0.182874746,0.043102935,0.043108338,0.043102935,0.040832352,0.292385652,0.292385652,0.291348374,0.302749275
18,58,TAG,G58*,0.051989208,0.051989208,0.017343836,0.103508053,-0.472178301,-0.296564231,-0.472178301,-0.756951797,-0.272444242,-0.272444242,-0.224491573,-0.30258578,0.040923077,0.040923077,0.041834028,0.035216434,0.316306126,0.31629393,0.320174075,0.316306126
19,110,TGG,D110W,-0.010269209,-0.010269209,-0.008349098,-0.050274936,0.226858922,0.276781093,0.226858922,0.116693058,1.269677918,1.269677918,1.187347475,1.385781855,0.04241586,0.04241586,0.045437477,0.03813797,0.307625114,0.308212074,0.307625114,0.296626108
20,110,ATG,D110M,-0.07186405,-0.07186405,0.038071997,-0.0764927,-0.264946396,-0.264946396,-0.304984159,-0.210472713,-0.228704375,-0.184814329,-0.318138091,-0.228704375,0.044632676,0.044632676,0.04814077,0.042234786,0.302452624,0.331700236,0.300666032,0.302452624
21,111,GAG,S111E,0.00821166,0.00821166,0.071237957,-0.010614376,0.197750188,0.197750188,0.241131668,0.193922916,1.156988188,1.156988188,1.149313608,1.389664369,0.059714225,0.054769512,0.061842919,0.059714225,0.28777324,0.290577294,0.28777324,0.287764072
22,111,GTT,S111V,-0.023644472,-0.023644472,0.04658728,-0.032924292,-0.19468005,-0.198824359,-0.112729993,-0.19468005,-0.248910808,-0.312176637,-0.241924457,-0.248910808,0.051345219,0.050446099,0.051345219,0.056618995,0.285614183,0.29010989,0.285614183,0.284343869
23,123,CTG,I123L,0.000775528,0.000775528,-0.007451435,0.021710192,0.777118007,0.785521456,0.775932391,0.777118007,1.229880731,1.229880731,1.133555036,1.319196998,0.119575699,0.118481624,0.120297899,0.119575699,0.305196059,0.300573066,0.305196059,0.305843671
24,123,AAG,I123K,-0.013181117,-0.013181117,-0.02788843,0.01317047,-0.877211786,-0.737303571,-0.877211786,-0.903381507,-0.385970776,-0.385970776,-0.430320151,-0.314667346,0.039298246,0.040277382,0.039298246,0.038481774,0.282202692,0.282202692,0.287816474,0.275980967
25,124,GCG,G124A,0.031142683,0.031142683,0.033938158,-0.074025339,0.741850874,0.741850874,0.804925887,0.693752809,1.617488554,1.617488554,1.571548107,1.635054156,0.173302621,0.173302621,0.1688412,0.173762281,0.303763523,0.316003617,0.30173482,0.303763523
26,124,TCT,G124S,0.010228314,-0.014116838,0.05311036,0.010228314,0.865362202,0.865362202,0.912021864,0.831059796,1.445677334,1.445677334,1.384569429,1.500331106,0.150096653,0.147837683,0.150096653,0.153953814,0.294117647,0.300389656,0.291941791,0.294117647
27,124,CTG,G124L,-0.028396746,-0.050276805,0.0275295,-0.028396746,-0.741558802,-0.741558802,-0.682274736,-0.787804523,-0.35626951,-0.35626951,-0.539037007,-0.296671513,0.03571754,0.03571754,0.030018114,0.038217638,0.301924332,0.308955005,0.301924332,0.301740073
28,124,TAA,G124* (TAA),0.042038008,0.042038008,0.135435763,0.015684574,-0.228228118,-0.228228118,-0.159995867,-0.33583127,0.478070305,0.478070305,0.333366529,0.481313276,0.040423121,0.044365572,0.040423121,0.039344262,0.294322692,0.29762007,0.285793234,0.294322692
29,124,TAG,G124* (TAG),0.042038008,0.042038008,0.135435763,0.015684574,-0.228228118,-0.228228118,-0.159995867,-0.33583127,0.478070305,0.478070305,0.333366529,0.481313276,0.040404,0.040404,0.04,0.040404,0.290909,0.291188,0.290909,0.286604
30,126,CCG,G126P,0.013694387,0.013694387,0.038379719,-0.01678269,0.89150189,0.89150189,0.948519389,0.849058063,1.435168852,1.435168852,1.389482473,1.491464866,0.138029239,0.138029239,0.136404403,0.138781482,0.28520279,0.28520279,0.284637924,0.285714286
31,126,ACG,G126T,0.024652906,0.01470591,0.07139071,0.024652906,0.670784167,0.670784167,0.742859134,0.667530165,1.051303701,1.051303701,1.02826687,1.121604898,0.10586,0.105906,0.104089,0.10586,0.280899,0.280899,0.280992,0.279412
32,126,TTG,G126L,-0.017045399,-0.017617476,0.01657966,-0.017045399,-0.234899159,-0.234899159,-0.20323982,-0.261834178,-0.318766834,-0.318766834,-0.325289006,-0.075990359,0.046679816,0.049547404,0.046679816,0.045056786,0.287964339,0.287964339,0.290359168,0.286598576
33,129,TAT,C129Y,-0.032613236,-0.032613236,0.003296838,-0.049057579,0.707488684,0.707488684,0.74932534,0.696510617,1.14390225,1.14390225,1.096560351,1.229111587,0.119491691,0.119491691,0.118978805,0.123796197,0.284708486,0.285476488,0.283348018,0.284708486
34,129,GAG,C129E,-0.005490656,-0.013571251,0.071128624,-0.005490656,0.354176934,0.354176934,0.393057962,0.346518225,0.842019293,0.842019293,0.812383963,0.909626765,0.096365275,0.097142156,0.094459431,0.096365275,0.286762876,0.286062576,0.286762876,0.289095698
35,142,TGG,I142W,-0.014732672,-0.002442352,-0.014732672,-0.032152691,0.844252318,0.844252318,0.859079994,0.812411903,1.427905297,1.427905297,1.321700547,1.472945616,0.143378634,0.147937411,0.143378634,0.142630609,0.285427405,0.283731296,0.285427405,0.287118137
36,142,GGT,I142G,-0.030622302,-0.010694793,-0.030622302,-0.048764346,-0.514946353,-0.440523885,-0.537419137,-0.514946353,-0.297662436,-0.194528896,-0.398105063,-0.297662436,0.054185594,0.069148705,0.0463274,0.054185594,0.282710381,0.280569992,0.285854216,0.282710381
37,144,CCG,T144P,-0.005489011,-0.020367716,-0.005489011,-0.004001385,-0.476581087,-0.476581087,-0.543801839,-0.43228153,0.349606461,0.349606461,0.320935107,0.391524195,0.081773932,0.081773932,0.081791191,0.081232742,0.291467718,0.291467718,0.295325195,0.290897141
38,145,TAG,V145*,0.064127077,0.008664644,0.083773423,0.064127077,-0.579708895,-0.579708895,-0.463760604,-0.586727776,-0.454811719,-0.399564669,-0.50358397,-0.454811719,0.039926063,0.044208536,0.036463081,0.039926063,0.316794724,0.31720647,0.316794724,0.30887372
39,148,CCG,N148P,-0.071940139,-0.071940139,0.011805306,-0.080910817,0.080092769,0.080092769,0.166966807,-0.046785081,0.54233411,0.560851157,-0.120160213,0.54233411,0.045887398,0.045887398,0.048817696,0.045274121,0.296429212,0.29882306,0.296429212,0.294745656
40,170,TAG,R170*,0.002577735,0.002577735,0.065508364,-0.012189512,-0.728858323,-0.644865613,-0.770552756,-0.728858323,-0.422844156,-0.422844156,-0.444412565,0.061187175,0.04,0.04,0.0408163,0.04,0.290598,0.290909,0.290598,0.28115
41,196,TTT,I196F,-0.040831562,-0.046059748,0.055245777,-0.040831562,0.202206929,0.175042025,0.253673474,0.202206929,0.861533105,0.925048443,0.861533105,0.772361752,0.044880785,0.044848036,0.044880785,0.045800251,0.274491245,0.276013143,0.269669761,0.274491245
42,196,TGG,I196W,-0.053063476,-0.053063476,0.049306326,-0.0781941,0.129790046,0.129790046,0.332750434,0.102157046,0.859114751,0.948188569,0.859114751,0.81296437,0.053044453,0.067866324,0.053044453,0.04137931,0.308344068,0.305878062,0.308650519,0.308344068
43,199,CCG,F199P,0.10214798,0.10214798,0.129302139,-0.056425382,0.708149062,0.703343967,0.777915735,0.708149062,1.017869928,1.050665222,1.017869928,0.973990793,0.116950124,0.115628672,0.116950124,0.1170759,0.30224475,0.300055981,0.304366876,0.30224475
44,199,GAG,F199E,0.003662129,0.003662129,0.082958666,-0.069654368,0.424318204,0.424318204,0.467069977,0.38327876,0.585354658,0.606145847,0.585354658,0.554820645,0.090892019,0.091303978,0.090892019,0.089450884,0.286217836,0.286217836,0.286132455,0.286244587
45,199,TAG,F199* (TAG),-0.033902837,-0.035344433,0.024564555,-0.033902837,0.027213669,-0.038380128,0.071030707,0.027213669,0.371718738,0.493841695,0.369233733,0.371718738,0.0408163,0.0408163,0.0412371,0.039604,0.286645,0.287356,0.286645,0.27907
46,199,TAA,F199* (TAA),-0.033902837,-0.035344433,0.024564555,-0.033902837,0.027213669,-0.038380128,0.071030707,0.027213669,0.371718738,0.493841695,0.369233733,0.371718738,0.044497418,0.044497418,0.047642292,0.040852752,0.304615385,0.299256435,0.304615385,0.307253565
47,32,TGG,D32W,0.063470417,0.063470417,0.011841728,0.077723742,-0.473475706,-0.473475706,-0.450739272,-0.716941794,-0.263937972,-0.263937972,-0.295934814,-0.262305234,0.05190409,0.046454069,0.052840647,0.05190409,0.302325581,0.290871894,0.302325581,0.305584512
48,0,none,PjDHFR,0,0,0,0,0,0,0,0,0,0,0,0,0.0522876,0.0536913,0.0503145,0.0522876,0.291964996,0.290276733,0.291964996,0.293125811
,,,Empty,0,0,0,0,0,0,0,0,0,0,0,0,0.044635193,0.047038328,0.042276738,0.044635193,0.307064177,0.307188082,0.307064177,0.301763316