,2,3,4,5,6,7,8,9,10,11,12,13,14,15,16,17,18,19,20,21,22,23,24,25,26,27,28,29,30,31,32,33,34,35,36,37,38,39,40,41,42,43,44,45,46,47,48,49,50,51,52,53,54,55,56,57,58,59,60,61,62,63,64,65,66,67,68,69,70,71,72,73,74,75,76,77,78,79,80,81,82,83,84,85,86,87,88,89,90,91,92,93,94,95,96,97,98,99,100,101,102,103,104,105,106,107,108,109,110,111,112,113,114,115,116,117,118,119,120,121,122,123,124,125,126,127,128,129,130,131,132,133,134,135,136,137,138,139,140,141,142,143,144,145,146,147,148,149,150,151,152,153,154,155,156,157,158,159,160,161,162,163,164,165,166,167,168,169,170,171,172,173,174,175,176,177,178,179,180,181,182,183,184,185,186,187,188,189,190,191,192,193,194,195,196,197,198,199,200,201,202,203,204,205
R,,0.289505893,-0.263142395,-0.106693984,0.112135389,-0.467324791,-0.580073436,-0.539687128,-0.250465748,-0.344952438,-0.524911442,0.46723526,-0.062236355,0.341030261,-0.06020985,0.0,0.128831615,-0.195879243,-0.344586572,0.303783566,-0.118791458,-0.153333901,0.074097219,0.438070428,-0.020421721,-0.209574678,-0.009458382,0.158950433,-0.09799011,-0.003006404,-0.663873108,0.955238053,-0.020847914,-0.087610615,-0.326775607,-0.113521329,0.0,-0.444299143,-0.61721458,-0.054387216,-0.038032892,0.110855761,0.04507059,0.0603895455,-0.140262011,0.0,-0.094823339,-0.170855792,-0.104481978,-0.090868944,-0.147261672,-0.366051927,-0.47920469,-0.50048218,-0.507864893,-0.462898803,-0.526211451,0.0,-0.0954798,-0.493728092,-0.348320124,-0.466228374,-0.428466241,-0.257694491,-0.100466573,-0.043101966,-0.172865257,-0.139998844,0.0,0.330137859,-0.49931181,-0.083288811,-0.436521887,0.0,-0.652031999,-0.489464791,-0.728527353,-0.623292485,-0.695601127,-0.68690718,0.0,-0.009792617,-0.148779172,0.131807947,-0.034309701,-0.333053426,-0.560941602,-0.179374546,-0.130518651,-0.012345922,-0.7865906855,-0.43089943,-0.527425387,-0.592816851,0.0,-0.624025173,-0.755629855,-0.527425387,-0.654605249,-0.775114796,-0.673629487,-0.0083875,-0.385469757,-0.699800993,-0.094961704,0.041493645,-0.291387423,-0.055837137,-0.245952752,-0.080139179,-0.06645736,-0.1879741795,-0.146640331,-0.191440104,-0.139829192,-0.345315138,-0.254336972,0.0,-0.703908547,-0.695601127,-0.63993999,-0.695601127,-0.45278311,-0.854914134,0.369456417,-0.071353065,-0.694552318,-0.263265039,-0.040398548,-0.229632715,-0.726736173,-0.335967736,-0.1017615,-0.2762763,-0.103402338,0.0,-0.297296879,-0.267649252,0.0,-0.741591855,-0.256161617,0.071281971,-0.68985033,0.296040172,-0.603804082,-0.012079468,-0.064896375,-0.132970381,0.134542121,-0.207797617,0.351261905,0.240049141,0.350117011,0.193017645,-0.440920403,-0.293358125,0.033025654,-0.04437823,0.427639108,0.0,-0.068275491,-0.12796765,-0.063914942,-0.009468124,-0.089954673,-0.019905304,-0.14782625,-0.496420469,0.0,-0.099502877,-0.220604563,-0.299899319,-0.049226208,-0.077656978,-0.014012178,-0.786395347,-0.128071991,-0.020280089,-0.217433045,-0.000222072,-0.159186024,-0.037302816,-0.126752538,0.03767834,-0.111756581,-0.072042664,-0.062062397,-0.121288555,-0.178656589,-0.064947066,0.13817756,-0.053437154,-0.21867232749999999,0.348101994,0.035953102,0.53483193,-0.136259886,1.108004832,0.319603896,-0.435655278,-0.227427512,0.014126278,0.0,-0.335700865
H,-0.052234867,0.167330716,-0.100794259,0.278529849,0.392983859,-0.203918322,-0.138680015,-0.333349695,0.923015574,0.675522786,-0.23866441,0.228686972,0.280002248,0.410769788,0.024790973,0.311874518,,0.919672484,-0.296564231,0.286013035,0.039698476,0.062340977,0.275649974,-0.216417438,-0.222215554,0.369776054,0.003035907,0.273742399,0.035611431,0.100813107,-0.531870281,0.958643047,-0.129447278,0.435586081,0.870928982,-0.299961442,-0.023838398,0.015460794,-0.584708327,-0.010542363,-0.02940625,0.117220259,0.117298719,,0.052906985,-0.02602481,-0.073941342,-0.173815065,-0.099997433,-0.081033917,-0.070696787,-0.114353842,-0.487967083,-0.323157641,-0.362191004,-0.30201182,-0.592004453,-0.092169713,-0.058089329,-0.585283072,-0.461450898,-0.378374274,-0.532644131,-0.126014128,-0.162002498,,0.0,0.064835155,-0.41729616,0.346955761,-0.040381193,-0.012647262,-0.311335886,-0.713405465,,-0.07712556,,-0.501033681,-0.48159174,-0.252588159,-0.213394293,-0.11835939,,0.213404534,-0.031470113,-0.162048349,-0.341854878,-0.130934073,-0.063393584,0.07830843,-0.514801473,-0.02322228,0.0,-0.729201973,,-0.552564367,-0.584067085,,-0.024584951,-0.587443219,-0.677788973,0.022011144,-0.481343214,,,-0.024005629,,0.107687111,,,,,,,-0.024584951,,-0.083854673,0.136213771,-0.741591855,-0.324771194,-0.53461686,-0.710623643,-0.550411221,-0.56031071,0.346220566,-0.140965535,-0.253533483,0.090500271,-0.195109668,-0.164433639,-0.736767511,-0.533200115,,0.0,-0.056646791,0.003262439,-0.08743913,-0.105814394,0.027426084,-0.560941602,-0.048948839,0.049239385,-0.680313641,0.161497633,0.399389175,0.0,-0.190544699,-0.176118749,0.143809543,-0.144597093,0.242550567,0.108772931,0.251594254,0.155645996,0.537124043,-0.254126619,0.028053683,-0.095335043,0.450028293,0.069044756,-0.070438149,0.042718193,-0.005409743,-0.067387484,,-0.104388209,-0.144556262,-0.265822828,-0.038801214,-0.0823808,-0.093687092,-0.154495304,0.0,-0.046589502,-0.006728218,-0.182902352,-0.223932487,,0.238101058,0.100107214,-0.272321054,-0.032158328,-0.11907078,-0.334955307,-0.201220715,-0.036641919,,-0.141090184,-0.197668546,-0.115039528,0.144304426,-0.06573831,,0.210102758,,-0.167633989,-0.058879913,,0.244308147,0.103543144,-0.07794084,,-0.066707228,-0.212554306
K,,0.267818352,-0.225299201,0.0,0.209380328,-0.513836082,-0.558172621,-0.527283457,-0.093688186,0.249217445,-0.596312282,0.240698193,0.063751171,0.128153111,-0.057716787,0.223487289,0.036522578,0.449441003,-0.40957344,0.093595929,0.0,-0.084674992,-0.124273184,-0.544869499,-0.249583351,-0.417410357,0.0,0.457100796,0.0,0.015152964,-0.559996642,0.827878709,0.063096486,-0.323771697,-0.521794066,-0.143722283,0.264521697,-0.644330202,-0.48200341,0.071755812,-0.04092548,0.184940649,0.132470695,0.052724719,-0.03374324,0.044895354,-0.02093683,-0.086909735,-0.092169713,-0.036224446,-0.084281711,-0.349299976,-0.469003191,-0.571043885,-0.549439788,-0.36457231,-0.517267599,0.125341452,0.0,-0.509988803,-0.547342001,-0.159282323,-0.386735255,-0.495389837,-0.042309331,0.061578013,-0.04335698,-0.012953833,0.075679392,0.400137685,-0.438299669,0.0,-0.40875907,0.117958796,-0.689923311,-0.382348035,-0.76947961,-0.695093464,-0.644253311,-0.693021777,-0.034198426,-0.033815997,0.02083831,0.264311824,0.063115534,-0.194435944,-0.479353555,-0.050459649,-0.023755142,0.084632262,-0.572854945,-0.418709733,-0.589315317,-0.602951706,0.010207152,-0.67362694,-0.636143516,-0.337307705,-0.319127384,-0.707800608,-0.584900511,0.027699668,-0.114043753,-0.763669209,0.070548292,0.0043017755000000005,-0.1481004,0.015077109,-0.098075367,0.032819778,0.049138323,-0.050222772,0.0,-0.027347448,-0.011552107,-0.290549353,-0.175805918,0.0817132025,-0.846861468,-0.68690718,-0.765577805,-0.877211786,-0.55310441,-0.809279128,0.265261333,-0.138300388,-0.75757559,-0.256636495,0.0,-0.148634017,-0.695601127,-0.363064831,-0.051498485,-0.318430802,0.054897804,0.084162614,-0.119319132,-0.106124432,0.000506155,-0.655805418,-0.67362694,-0.030729873,-0.726736173,0.23250988,-0.367860127,0.058626891,-0.072902426,-0.104224847,0.303028775,-0.163175789,,0.219040858,0.361116527,0.295655657,-0.256189981,-0.202093622,0.093364319,0.021925859,0.503411456,0.165330002,-0.020244321,0.009067782,-0.00242568,0.110942645,0.052309929,-0.044178975,-0.075999383,-0.812843026,0.083625196,0.0,-0.10668687,-0.184883281,0.099827969,0.014759865,0.045731162,-0.35655984,-0.096449361,0.123511339,-0.238517812,,-0.09678495,0.112649585,0.0,-0.157719176,-0.03132197,-0.020018673,0.013576271,0.0,-0.117781085,0.030437666,0.161250726,0.018196822,-0.14385183,0.25979061,0.113218577,0.666110787,-0.089049534,1.015761885,0.318985738,-0.332336126,-0.601303011,0.040334499,0.041897889,-0.100361478
D,0.0,0.12506879,0.039758024,0.363105471,0.661728417,-0.606267293,-0.218378019,-0.578619321,0.824924066,0.11441534,-0.291748526,0.505170477,0.161623888,0.334502671,0.153030538,0.48109628,-0.139913965,-0.040631385,-0.260543476,0.251928692,0.201506616,0.282592847,0.0,-0.163860797,-0.3416941,-0.400070301,-0.097641178,0.260269957,-0.037130344,0.248352569,0.0,0.67960663,0.360195001,-0.282666788,-0.312892582,0.080527034,0.198512499,-0.405173291,-0.541888741,0.341204487,0.258601983,,0.369676356,0.310109421,0.222536242,0.100032647,0.186675749,0.035611431,0.113085895,-0.047962896,-0.125293589,0.479578468,-0.613743162,-0.467561884,-0.593115732,-0.598485732,-0.398054442,-0.078163149,0.327418984,-0.559038504,-0.576515351,-0.098757542,0.000805476,-0.271760538,0.094534777,0.018630543,0.122325277,0.354960192,-0.035744162,-0.020847914,-0.484760042,-0.015262926,0.054735208,-0.606627861,-0.693021777,-0.290941559,,-0.511941121,-0.67699962,-0.070498757,0.29782332,0.185175231,-0.094854737,0.109236469,0.061332978,0.0,-0.487753315,-0.038282812,0.074609392,0.080509287,-0.299087591,-0.684663094,-0.702025881,-0.759692758,-0.487064404,-0.196424325,-0.670193489,0.0,0.0,-0.41368163,-0.584900511,0.068365613,-0.589315317,-0.554523214,0.07259772,-0.052634575,-0.674647955,-0.013800825,0.0,0.01161157,0.126739033,-0.056292328,-0.0238662,,,0.017879673,0.057311731,0.085648902,-0.273952966,-0.796096001,-0.179320916,-0.837015293,-0.34717612,-0.649152074,0.313075736,-0.130241441,-0.753564793,0.48245124,-0.34663475,-0.222093531,-0.291387423,-0.68250682,-0.112883726,0.051053713,-0.073003351,-0.118130167,-0.22339131,0.000263067,-0.258797573,-0.648182345,-0.750888889,-0.587443219,0.070047464,-0.088261556,-0.465644529,-0.026358713,0.149122353,0.00954744,0.350245924,0.0,0.097449208,0.0,0.277206142,0.54428391,0.138663082,0.039602573,0.020854577,0.0,0.501310829,0.353485594,0.019334683,-0.004016708,0.00313714,0.069044756,-0.035938012,-0.055197876,,-0.787400885,0.010768397,-0.185643452,-0.024911578,0.0,-0.074531273,,0.101657137,-0.629251936,-0.060136615,0.113934932,0.160402444,-0.12248191,0.002518747,0.030767798,-0.022855324,-0.325544746,-0.243377408,-0.033351208,-0.049643852,-0.000639866,-0.259714842,0.028288281,-0.006478504,0.035810909,-0.069213209,0.23043839,0.189235692,-0.496287446,0.068665821,0.456597244,0.245098682,-0.043079001,-0.625617796,0.144317698,-0.392083635,0.0
E,0.32088399,0.364685855,-0.083288811,0.012359138,0.508021124,-0.375913665,-0.157759855,-0.370541374,0.699688099,0.593404259,-0.274225427,0.290360573,0.103441374,0.243134534,0.141009472,0.369630447,0.152814754,0.584768369,-0.473475706,0.249792585,0.260928381,0.227844945,-0.034834461,0.342739232,-0.07031861,-0.360413232,-0.037550402,0.351473584,0.093215572,0.141684731,0.457629702,0.635750127,0.192246312,-0.069922721,-0.288994828,0.464727994,0.183128633,-0.356790114,-0.669529614,0.197608601,0.118045411,0.309446501,0.302143613,0.316636151,0.221597379,0.234864555,0.132248312,0.089110906,0.021235754,0.000936819,-0.068819269,0.210626678,-0.618080975,-0.536810506,-0.580576651,-0.49997382,-0.508688033,0.197381865,0.225854543,-0.612449619,-0.580073436,0.0,-0.307163286,-0.153632306,-0.083288811,0.08818017,0.059040118,0.346276939,0.122917278,0.210821365,-0.480498682,0.071320454,-0.279071651,-0.53535554,-0.641837327,-0.047618384,-0.773255216,-0.642465517,-0.668202966,-0.148136582,0.137986533,0.070640118,0.0,0.118267492,0.073824932,-0.0593388735,-0.38201054,0.054075262,0.098685012,0.161332773,-0.189504004,-0.45663657,-0.406032046,-0.647416433,-0.32324349,-0.800992862,-0.789744645,-0.123448291,-0.04692405,-0.756967551,-0.76614114,0.038963559,-0.582113397,-0.807328593,0.100503889,-0.013055452,-0.25659532,0.080057582,-0.070045353,0.197750188,0.06708253,-0.042640629,0.022900602,0.010506961,-0.050559322,-0.106229718,-0.050222772,0.184794227,-0.76614114,-0.762750668,-0.668202966,-0.541357425,-0.437329172,-0.698076487,0.469735045,0.0,-0.477431506,0.354176934,-0.204700345,-0.005064494,-0.678566048,-0.425415558,0.0,-0.325945525,0.049010344,-0.044607326,-0.133008337,-0.072780603,-0.018207064,-0.826551216,-0.725088913,-0.528642972,-0.692406101,-0.021259962,0.017730641,-0.053654345,0.08404171,0.0,0.366877871,-0.055077007,0.402428428,0.201137225,0.376468828,0.431753491,0.502372923,-0.248501836,0.070519059,-0.063310596,0.524246973,0.358543147,0.022865197,-0.011839924,-0.013996543,0.063083556,0.017134387,0.019499718,0.018822284,-0.78508468,0.074822506,-0.05364025,-0.007381942,-0.022504653,-0.066744665,0.063524952,0.128494646,-0.261014238,0.0,0.126544594,0.246771742,0.003015905,-0.140022156,-0.049391194,-0.021848665,-0.243147374,-0.124278689,0.017666338,-0.038871565,-0.009573152,-0.121274433,0.056605636,0.0,0.001800835,-0.003327418,0.320591376,0.193614138,-0.081120751,0.0,0.424318204,0.0,0.021394407,-0.79861182,0.203122653,-0.217612863,-0.060722274
S,0.103968952,0.247805325,-0.150184835,0.074041411,0.0,-0.217596301,-0.270136094,-0.385932704,0.288705018,0.409966331,0.442199739,0.504516964,-0.093528944,0.448251674,0.0,0.113779802,-0.061758675,0.390370373,-0.006281131,0.227636458,0.140950598,-0.043391733,-0.03111463,-0.021942505,0.152664814,-0.023838398,-0.058866063,0.2047679,0.019789387,0.0,-0.505436876,1.016116613,-0.015532234,0.435125605,-0.152795548,0.0,0.02464133,0.162219991,0.314714114,0.0,0.000894011,0.159964828,0.129202375,0.149844799,0.030409003,0.072077939,0.0,-0.017961042,-0.030414219,-0.048778916,-0.24178028,-0.011996277,-0.370891089,-0.536473092,-0.548769914,-0.502976268,-0.273359285,-0.071435137,-0.009017191,0.01766335,-0.487475834,-0.394731464,0.0,-0.380802291,-0.149409863,-0.032013907,-0.010034566,0.0,-0.17575451,0.336906426,-0.345404695,-0.081670578,-0.335859771,-0.341207069,-0.6183634874999999,-0.144526891,-0.56399049,-0.6435234415,-0.584067085,0.0,-0.072461912,-0.120071907,-0.235388874,0.209096922,0.012652722,-0.236102089,-0.47479513,-0.1339627785,-0.105866693,-0.020588916,-0.356903439,-0.59293154,-0.361481185,-0.451044621,-0.239902993,0.0,-0.703908547,-0.273374862,-0.322902146,-0.492683757,-0.724409757,0.004243284,-0.412337262,-0.4980150565,0.0,-0.032155934,-0.506565322,0.11187476,-0.099345021,0.0,0.025135007,0.0,-0.049387436,-0.195969119,-0.073183049,-0.154583452,-0.061063775,0.131994896,-0.7389872755,-0.424521014,-0.719491416,0.026570445,0.865362202,-0.061174007,0.245506332,0.017971033,-0.584067085,-0.046956814,-0.2307941205,-0.095244948,-0.483558981,-0.142011324,-0.102785924,0.047327379,0.0,0.103831863,0.167560735,-0.054411454,0.12278314,-0.689923311,-0.596255291,-0.094232252,-0.062920576,-0.02582009,0.363035588,-0.014785951,0.084390904,-0.108170333,0.114879311,-0.0696613965,0.12149734,0.072916276,0.311162247,0.354321121,0.627402764,-0.350053645,0.0312753545,-0.070438149,0.45148815600000003,0.187073602,0.0,0.0,-0.084486047,0.0,0.007793823,0.034587129,-0.0630648485,-0.473657351,0.023375336,-0.104247457,-0.045530778,-0.20914434,-0.052009299,0.0,0.077504834,0.000800692,-0.131298649,-0.009573152,0.154806647,0.143155939,-0.191145764,0.0,-0.097409783,-0.130047096,-0.201461064,-0.016871079,-0.104913069,-0.102083952,-0.149350817,-0.009573152,0.06272083,-0.0334726075,-0.1633976045,0.20374248,0.100153964,-0.163801179,0.093143627,0.672013935,0.245262672,0.050271317,-0.3585173795,0.100345109,-0.189026644,-0.191248706
T,0.118453482,0.3176398375,-0.056365148999999996,0.16878768549999998,0.21346397949999998,-0.06654547499999999,0.0,-0.1989517495,0.6574521405,0.48146966450000006,0.3125391045,0.38160533750000003,0.0,0.3346156185,0.1726309655,0.1253352315,0.003008675,0.414861011,-0.354722604,0.188186718,0.2256335395,0.039590328,0.03226619,-0.060359541,0.1248158785,0.0843053365,0.09402192749999999,0.646995109,0.19479634499999998,-0.0964508335,-0.5618683135,0.692938608,0.1442723055,0.6115667585,-0.051791352,-0.10425119799999999,0.023717182500000003,0.030090208,0.0,-0.084339744,-0.014771206,0.1570242315,0.094681754,0.132840723,0.0,-0.0348124875,0.001999431499999999,0.0,-0.053284103,-0.039699874999999996,-0.0866113025,-0.007520917,-0.4068012735,-0.5403053915,-0.5621192939999999,-0.524895733,-0.2790154225,-0.11799505199999999,-0.1107844615,0.0,-0.498642843,-0.45595071750000005,-0.18796933500000002,-0.257611093,-0.236834889,-0.065956875,-0.08132702400000001,0.028089027500000002,-0.225826032,0.3681318185,0.0607183165,-0.1334868115,-0.5932395315,-0.233652946,-0.5565873855,0.23603644,-0.580477965,-0.782197068,-0.6834539245,-0.5071935775,-0.1625628735,-0.231358983,-0.22248895349999998,0.14260174949999999,-0.007215746,-0.295892898,-0.054290897000000005,-0.1791073725,-0.13022432150000002,-0.0830616985,-0.19920558700000002,-0.4249438935,-0.44241627699999997,-0.440972963,-0.1335306885,-0.1678988905,-0.718752166,-0.2504906005,-0.3581456845,-0.369205575,-0.6866756519999999,0.004281762,-0.399774822,-0.40581592,-0.10698331999999999,-0.020725133,-0.370343958,-0.0009624934999999998,-0.102272237,-0.0644888945,0.0,-0.1205225465,-0.1305643645,-0.055046043,-0.07912378,-0.1206773675,-0.096235267,0.0929230815,-0.512297707,-0.264044824,-0.710702153,0.2269795575,-0.058724636,-0.753166239,0.6624929895,-0.006136251,-0.5627760184999999,0.5371276924999999,-0.2149296035,-0.12696862949999999,-0.138834925,-0.261166025,-0.086600242,-0.0676031205,-0.052458892,-0.056599467,0.1586907755,-0.034976015,0.096093192,-0.412708158,-0.4966421675,0.089744947,0.0,0.0401165155,0.3848543495,0.0150651755,-0.0294105435,-0.113788464,0.1122522535,-0.1324357085,0.193902066,-0.0630453275,0.066048498,0.3407700755,0.545885917,-0.4334513725,0.0058067705,-0.0336481375,0.419791485,0.1282829555,-0.036124533,-0.023177267,-0.0620656825,-0.035706276,-0.0033188620000000005,0.0162829785,-0.0890292195,-0.425063467,-0.0021551550000000006,-0.125164325,-0.067722877,-0.19963178650000002,-0.1026885535,-0.069082757,0.0547795955,0.0367055045,-0.147124285,0.021857446,0.17449676549999998,0.071266818,-0.2747349755,-0.005997407999999999,-0.054802593999999996,-0.13340052149999998,-0.2179777895,-0.0327356885,-0.11883593,-0.0854183305,-0.077329226,-0.08797564999999999,-0.0017244465000000007,-0.0775016705,-0.206689899,0.066140244,0.1253585705,-0.076128167,-0.059531866999999995,0.7509164335,,0.06841898199999999,-0.744102585,0.08095988300000001,-0.18725506749999998,-0.280032746
N,0.138932828,0.266040171,-0.083316419,0.543970698,0.697440378,-0.266172424,-0.178255585,-0.470542642,0.634293206,0.178589929,0.60950114,0.341993335,0.041766654,0.293984403,-0.042439027,0.317806078,-0.078722338,0.138502364,-0.337906993,0.075583707,0.034083217,0.0,-0.255619101,0.047301324,0.122914642,-0.271849703,-0.102640186,0.306281942,-0.01875289,0.136006453,-0.2453460925,0.867339017,,0.868210602,-0.335008644,0.174513569,0.175864619,0.298037842,-0.502976268,0.227095123,0.109517707,0.179817847,0.249866664,,0.110869144,0.122528151,0.059807691,-0.099997433,-0.006810444,-0.110287734,-0.13355803,0.0,-0.522508009,-0.524911442,-0.5728861,-0.524016064,-0.220799621,-0.241264632,-0.108677136,-0.03111463,-0.531936443,-0.390204997,-0.363089376,-0.040381193,-0.182251425,-0.167690284,0.038866344,-0.074008916,-0.326053319,,-0.177111231,-0.174185363,0.0,-0.477149018,-0.489464791,0.0,,,-0.574628977,-0.257714551,-0.133280137,-0.234231209,-0.14131931,0.202318834,0.023418833,-0.085714252,-0.3255366,-0.073225592,-0.051599278,0.018040721,-0.424837697,-0.477088241,-0.62767317,-0.68394704,-0.208454283,-0.223104849,-0.647416433,-0.195768931,-0.267083832,-0.566061507,,0.044851954,,,-0.069743356,-0.023000079,-0.451986911,0.159121574,,,0.12180845,,0.035809463,,-0.012425238,-0.154748392,0.0,0.240840284,-0.683916938,-0.554693455,-0.774338164,-0.444884478,-0.625281752,-0.60951168,0.45187569,-0.10480236,-0.714440131,0.331503658,-0.153294762,-0.200930597,-0.736167481,-0.430086843,-0.06411526,-0.064325876,0.003849654,0.088925557,-0.097605462,0.0,0.058578761,-0.764035579,-0.485590917,-0.103791475,0.199890322,0.077007872,0.570937125,-0.079242292,0.0,-0.085927603,0.341853251,-0.08121094,0.414956943,0.053144487,0.322418766,0.315355527,0.636073052,-0.05205145,0.053248424,0.011310801,0.511519168,0.227481398,-0.018155514,0.02675109,-0.052565867,-0.035363525,-0.040925225,0.054185771,-0.094183286,-0.498204916,-0.00505135,-0.145131267,-0.110990944,-0.116529324,-0.095335043,0.027048805,0.030641451,-0.240510756,-0.117288432,0.058150081,0.115788386,0.015028982,-0.007508748,-0.072889001,-0.020617311,-0.335459059,-0.149199527,-0.041319269,,,-0.131103178,0.0,0.16694486,0.0,,0.119478753,0.150463546,-0.028594144,-0.02411808,0.505516632,0.35000252,-0.039178288,-0.456916898,0.110942645,-0.133013383,-0.111388601
Q,0.090264408,0.335289949,0.0,-0.128596608,0.198818315,-0.280613951,-0.204192069,-0.443406698,0.113389102,0.737740687,-0.424709392,0.564096038,0.002453757,0.36800859,0.048409587,0.289998248,0.074145719,0.651339656,-0.41179611,0.316981861,0.055155095,0.018935698,0.324075944,0.45255603,0.029906054,0.256850535,0.03898796,0.44977518,-0.001534005,0.083888126,-0.362840223,0.945386517,0.070058833,0.722045136,0.588318524,0.008216753,0.096118939,0.086567706,-0.638510266,-0.004411915,-0.046091545,0.146000101,0.075358761,0.162795521,0.045386441,0.026246998,-0.013819976,-0.03111463,-0.02527667,0.0,-0.111601388,-0.074671665,-0.473475706,-0.520072315,-0.512562697,-0.519544804,0.255191421,0.264003989,-0.001000919,0.142268654,-0.600022877,-0.321700151,-0.501550381,0.071484504,-0.08149272,-0.029373528,-0.094290194,0.123686244,-0.137772356,0.368776373,0.126308172,-0.065968388,-0.341490769,-0.592816851,-0.615678304,-0.250556768,-0.696070664,-0.58232273,-0.714440131,-0.668202966,-0.098438555,0.0,-0.106449431,0.111932273,-0.035594466,-0.211606943,-0.483063978,-0.070960859,-0.01474927,0.176341262,-0.511667399,-0.477149018,-0.096270712,-0.791759654,-0.179118767,-0.703908547,-0.785899682,-0.23646068,-0.220274315,-0.73387437,,0.064922144,-0.276813302,-0.696070664,0.013933168,0.0,-0.269445626,0.158964595,-0.132497983,-0.161347297,-0.014561104,-0.079774238,-0.02937363,,0.0,-0.295966723,-0.137351302,0.142622878,-0.78763817,-0.464287429,-0.747229062,0.010207152,-0.808879525,-0.736155788,0.387768889,-0.025271756,-0.741591855,0.584706789,-0.140512244,0.067786838,-0.881016278,-0.364113477,0.023418833,-0.178977357,-0.018406683,0.095398024,-0.108153925,-0.113795117,0.088491781,-0.761691559,-0.155430627,-0.137976476,-0.628433268,-0.070172275,0.566980157,-0.023199174,-0.023455483,-0.073399677,0.362501414,-0.086650857,0.36154669,0.197913568,0.408336362,0.344639516,0.559848969,-0.250319162,0.038893632,0.019370495,0.48222855,0.138681398,-0.072685685,0.05308163,0.0,0.028850488,0.010902178,-0.001681454,-0.093412776,-0.791418553,0.010122098,-0.042809551,0.0,-0.17354074,-0.013742219,-0.025475997,0.10963406,-0.168376005,-0.073764888,,0.113429596,0.044143399,-0.022488637,-0.065082945,-0.088746225,-0.186504121,-0.096115759,0.0,-0.139393859,-0.047450627,-0.055382892,-0.027600592,0.071334565,-0.042301983,-0.160139334,0.277760947,0.099559642,-0.233718559,-0.158740875,0.750336459,0.251069394,-0.0823808,-0.362755165,0.169992555,-0.111608022,-0.085450548
C,-0.147583206,0.044432033,-0.101639158,-0.293861488,0.023360126,0.089937356,-0.131476782,0.129735287,0.609875057,0.396097995,0.180123791,0.325243957,-0.334414367,0.088568811,-0.134846935,-0.164956771,0.074230605,0.493573028,-0.349041808,0.276491331,0.020306343,-0.015482885,-0.143443334,-0.168047963,0.095322493,0.07024994,-0.083316419,0.02264322,-0.017225934,-0.230464998,-0.49677951,0.742980744,-0.097246122,0.49351348,0.183533813,-0.304420322,-0.087985121,0.098646261,0.204013412,-0.116775482,-0.14598446,0.002392585,0.015068857,0.065653278,-0.066688133,-0.09321924,-0.149167989,-0.169613529,-0.110248198,-0.005653563,-0.094130253,-0.144396276,-0.089043344,-0.26989086,-0.312892582,-0.519544804,-0.240401983,-0.066514569,-0.199208508,0.038280182,-0.632499478,-0.569182777,-0.291748526,-0.265419599,-0.074155617,-0.241515745,-0.046381385,0.150054751,-0.217277481,0.330350548,0.251585719,-0.214435661,-0.332691012,-0.06306814,-0.363512821,0.214854315,-0.569471142,-0.560941602,-0.670193489,-0.110008591,-0.316639051,-0.19370387,-0.367469048,0.075883072,-0.179854115,-0.34740452,-0.242964171,-0.167189026,-0.137943757,-0.031878638,-0.192191592,-0.500345147,-0.452086399,-0.194600852,-0.371344804,-0.31438312,-0.755629855,-0.35358073,-0.472473533,-0.681949285,-0.592427146,-0.194305653,-0.443470129,-0.224650742,-0.12010768,-0.152589349,-0.464284817,0.105067002,-0.143221475,-0.117652499,-0.075753075,-0.180124235,-0.257714551,,-0.151134204,-0.108342042,-0.043394003,-0.106635579,-0.255925501,-0.009719765,-0.346285289,0.28954987,0.241148137,-0.493718659,0.106697296,-0.429968432,-0.533200115,0.0,-0.354648367,-0.272073715,-0.182373967,-0.118038175,-0.136711908,-0.021801431,0.010926648,0.032744125,0.209034291,-0.114683092,0.116908923,-0.106857022,0.129445469,0.114312793,0.394603325,0.010942925,0.268934996,-0.108958166,-0.160733819,-0.289296051,-0.175898273,-0.222492581,0.0,-0.01618372,0.077628112,0.186626017,0.185343064,-0.385787444,-0.066631042,-0.09182537,0.341695214,0.090625219,-0.109828327,-0.100180784,-0.182930485,-0.035701113,0.0,-0.102772136,-0.178294463,-0.146863866,-0.098176395,-0.225481774,-0.099355797,-0.25442542,-0.13513501,-0.160798356,-0.000964058,-0.055324225,-0.28163093,-0.171782044,0.115226376,-0.072229028,-0.252237877,-0.048147732,-0.128958386,-0.080584021,-0.304008882,-0.093469175,-0.198334907,-0.028835019,-0.189992768,-0.076823516,0.035974305,-0.165227485,-0.234829522,0.137488474,0.101964263,-0.128803295,-0.172328217,0.3331870375,0.355744926,0.007555795,-0.258702645,0.080649158,-0.147922961,-0.24829775
G,-0.0035971675000000015,0.3130688355,-0.121602483,0.170499021,0.429357223,-0.1540735255,-0.315365378,-0.2387835185,0.1720143615,0.540586252,0.5184755235,0.5295991929999999,0.008870233,0.306319188,0.0710347025,0.100735415,0.0,0.8174722065,0.0,0.317794866,0.09758439,-0.095119643,-0.12618632800000001,-0.2794133435,0.2025252575,0.058162257,-0.0684080085,0.214719376,0.042863186,-0.1758740785,-0.5982808815,0.983005233,0.0288566,-0.062150144500000004,-0.36332998,-0.051675875499999996,0.097628107,-0.1666727415,-0.5241944715,0.1285257495,0.0,0.1852297305,0.18180484000000002,0.132094021,0.051547114,0.07426427050000001,0.0425529595,-0.057703227499999996,0.0,0.008956378499999999,-0.084695982,-0.029660705000000002,-0.4426875175,-0.494615386,-0.5598527685000001,-0.5010384745,0.0,0.039781244,-0.047636298,-0.408257801,-0.5065971714999999,-0.631001827,-0.14366321799999998,-0.23354246350000002,-0.042118506,-0.158630502,-0.0476959015,-0.07224467849999999,-0.055959355,0.266588366,-0.529852225,-0.1642943045,0.055071804,-0.666886861,-0.813687807,-0.4642212375,-0.657584419,-0.8142449764999999,-0.7742996295,-0.5574872955,-0.1777368715,-0.186796922,-0.305526806,0.02819149,0.0542175825,-0.259167846,-0.43581535,0.0,0.0,0.0,-0.38095365000000003,-0.7290395405,-0.659966238,-0.6477392075,-0.35114663599999996,-0.48065401100000005,-0.7070162045,-0.362264023,-0.22058370449999998,-0.3654249705,-0.7095409695,-0.1386420985,-0.592900038,-0.641141447,0.035339502999999994,-0.117025903,-0.5987745375,-0.0181434945,-0.12936580350000002,-0.025395573999999997,0.0233168385,-0.069934421,0.06084169,0.005995703500000001,-0.1541911705,-0.163142822,0.268244987,0.045480761,-0.5719633875,-0.6136040025,-0.794449677,-0.210624568,0.0,0.0,0.0,-0.100373411,-0.6974490095000001,0.22847398600000002,-0.34218599800000005,-0.528807786,-0.5951670360000001,-0.42641576400000003,-0.1669972415,-0.30398365299999996,-0.0256275595,0.1575684195,0.2276853165,-0.0380724325,0.0719770945,-0.735794931,-0.49328186500000004,-0.013659715,0.23312480149999998,0.014944975499999999,0.2854997115,-0.0269615265,0.01899309,0.02355757,0.1771526275,-0.1128090415,0.4723981135,0.2861765305,0.382756786,0.5176227680000001,0.5018107789999999,-0.0202197915,0.061900713499999996,-0.0077050265,0.4853659825,0.257179592,0.005398513000000001,-0.037044260999999995,-0.05542445,0.020487525,-0.060158439499999994,-0.0445740525,-0.0053573765,-0.456683912,-0.05708282,-0.1706873115,-0.10083811100000001,-0.19099700949999998,-0.052081269,-0.014258330999999999,0.024865738999999998,-0.1194778605,-0.221500021,0.0407361845,-0.087216395,-0.011309713,0.0,-0.0040553885,-0.094471157,-0.2728786305,-0.204029015,-0.0807592305,0.0,-0.09027857650000001,-0.2628135195,-0.1078545585,0.037030921,-0.011784574500000002,0.0,0.26586113850000004,0.030709966500000005,0.015826059000000003,0.002921048,0.383243032,0.182593312,-0.014143917,-0.6642033825,0.0642990115,-0.24505889,-0.1482387205
P,0.0408657085,0.214882234,0.0219357255,0.23015331900000002,0.171586283,-0.2160890345,-0.5284414104999999,-0.44168983399999995,-0.05242796499999999,0.046447359,-0.427253784,0.6637728525,0.5459138295,0.5521891059999999,0.400612588,-0.071382951,-0.2960407785,-0.30333060749999996,-0.554388428,-0.1956893335,-0.2857712655,-0.0572967535,-0.48093669800000005,-0.2080925925,0.0,-0.287723868,0.26598277000000004,0.0673397365,-0.13351371750000002,-0.10532363049999999,-0.524016064,1.0991999080000001,0.578661027,-0.30640763800000004,-0.31873446149999995,0.6296319605,0.2180433545,-0.41582512,-0.5593144665,0.0638267075,0.404301707,0.23359551350000002,0.2236555085,,0.100152728,0.1628775725,-0.0842344995,-0.0241161675,-0.1375901845,-0.20211316699999998,-0.12873272,0.0393157545,-0.237929126,-0.5504766935000001,-0.531216263,-0.421565922,-0.536907705,0.01912532,-0.03346692,-0.4972518595,-0.4661279075,-0.4086262075,-0.43350294450000004,-0.35693210200000003,0.0,0.048014849,-0.277500438,-0.0935022865,-0.003832295499999999,0.0,0.004948285999999996,0.08452814950000001,-0.4996342665,-0.531570316,-0.655805418,-0.281303585,-0.670193489,-0.65809855,,-0.5488030745,0.34532567550000004,-0.546017653,-0.031844809,-0.0074979669999999995,0.025537861499999995,-0.19823947549999998,-0.189071804,0.0806253475,0.06770833,-0.448855464,,-0.53511686,-0.681984892,-0.587531236,-0.42597523800000003,-0.5355737955,-0.815142867,-0.222920403,-0.585344067,-0.648182345,-0.6575199535,-0.5470087195,-0.531957235,-0.589435085,-0.010035794,-0.565829054,-0.566991362,-0.152144965,,0.014741271,-0.164668722,-0.035087877,0.011663791,,-0.10565034449999999,0.080462813,0.178546796,-0.2147873445,-0.693021777,-0.6038727775,-0.730756266,-0.563890117,0.244234598,-0.692747848,0.8880049635,0.6150019945,-0.486206783,0.12038362899999999,-0.2774153015,-0.523413522,-0.6229895915,-0.701707238,,-0.63749045,0.23536201,-0.22789545500000002,0.1154758625,-0.435227233,-0.3945341255,-0.7216318835,-0.770018979,-0.4483564675,-0.502003237,-0.087895042,-0.481353027,0.19582392799999998,0.0669158765,0.0599275295,0.088742975,-0.08847936849999999,0.23078865449999997,-0.165294059,-0.5193916965,0.40052935,-0.125002244,0.0,0.32557352,-0.0391901395,0.276839845,0.297559591,0.099922431,-0.0138122875,0.0100741105,0.04948471,-0.0456123815,0.007226597,0.0,,-0.4898416215,-0.104177435,-0.114312045,-0.0817116255,-0.031459647,-0.0486965375,-0.14106754100000002,-0.712668347,-0.40161458,,-0.6278794624999999,-0.674470444,-0.156674857,-0.165674145,0.021176456,-0.127480559,0.0,-0.0749434755,-0.29633511949999997,-0.013390555,-0.167082966,-0.2000689595,0.011794487999999999,0.028240786,-0.078509281,0.375107626,0.117531463,-0.221885753,-0.469437802,0.708149062,-0.595267974,0.0058036965,-0.522553314,,-0.068578291,-0.090955074
A,0.040562100000000004,0.358026788,-0.151788031,0.2126269925,-0.026743266500000005,0.038555265,-0.385619025,0.06435434500000001,0.13623485700000001,0.18267202999999999,0.0,0.34450390249999996,-0.1253300535,0.39265460350000003,-0.1221130775,0.078706971,-0.102664087,0.777363529,0.087182639,0.1413358045,0.1088619015,0.003958020499999999,-0.008974320499999999,-0.192952232,-0.037236379,0.092585433,0.0121558625,0.4049794945,0.09991692899999999,-0.1388578925,-0.5604308865000001,0.9720985955,0.16266654,0.46153686299999996,0.234426699,-0.144545141,0.012490412999999999,0.27397804400000003,-0.023623033999999998,-0.059068739499999995,0.012183055999999998,0.079678829,0.123294998,0.0704361475,0.016273448,0.038585164,-0.024446723500000003,0.0005716210000000005,-0.09918855300000001,0.016501572,-0.12322474550000001,0.0883310355,0.06249885299999999,-0.547366532,-0.5957751825,-0.525572728,0.328516423,0.10951564350000001,-0.0848453585,-0.2787711715,-0.545993258,-0.2774886565,-0.088490831,-0.2990209035,-0.061263327,0.0,-0.072047999,-0.010231312,-0.14391796,0.2736975345,0.19055210150000002,-0.0669621495,-0.295747305,-0.366401278,-0.5909261575,0.208624148,-0.797742586,-0.741293652,-0.6280249805,-0.267119267,-0.1742914455,-0.167329538,-0.133389289,0.08526695249999999,0.0009669929999999993,-0.2724460635,-0.41323198400000005,-0.17189114900000002,-0.022791323000000002,0.057364474,0.0,-0.5880216055,-0.49751034,0.0,-0.21242928249999998,-0.6644171889999999,-0.5573419075,-0.293696749,-0.24689915350000002,0.0,-0.675253565,0.0,-0.4414921125,-0.28764868499999996,0.007462137000000001,-0.184324336,-0.463382017,0.13931617200000002,-0.16127344999999998,-0.0582689835,-0.064687156,-0.11835772450000001,-0.071180769,-0.051239048,-0.13081648299999998,-0.1353645745,-0.107954363,-0.0171838785,-0.331441047,-0.179036975,-0.4738413825,0.14501253050000001,0.7364412235,-0.4691484475,0.361279115,-0.060689996499999996,-0.7318508295,0.3530223615,-0.1822822365,0.0,0.0,0.049363058,-0.070762659,-0.28890909649999996,-0.0102509935,0.1262119125,0.2960553855,-0.254309251,0.1532446635,-0.4613865375,-0.2206124785,0.0,0.2145752125,-0.087197668,0.42436528100000004,-0.17456515649999998,-0.112873214,-0.14484247,0.0686121835,-0.0807737995,0.0213442925,0.151101438,0.106366646,0.421748184,0.327325607,-0.390423393,0.0948903475,-0.064021667,0.4340195495,0.156983923,-0.0345762395,-0.0396703505,-0.044588923,0.0043086995,0.014843825,0.012878619000000001,-0.078753445,0.016761659000000012,0.0135095835,-0.1183953985,0.059505392,-0.1792943695,-0.093839843,-0.0141209705,0.0789374145,0.0920525975,-0.0711672205,0.0,0.181829205,0.06739511749999999,-0.1928622435,-0.032658512,-0.09733927,-0.013151977,-0.2502159505,-0.09737999650000001,-0.120909604,-0.094736577,-0.2109174165,-0.048539646500000005,0.067709876,-0.065937316,-0.1770326055,0.27269308800000003,0.057686369,-0.1754723555,-0.153228971,0.553899078,,0.067770048,-0.25761624299999997,0.06019859650000001,-0.17569374799999998,-0.166838698
V,0.031478931,0.2187622705,-0.3495096955,0.08006060050000001,-0.38447608850000003,-0.069951526,-0.1361749195,0.2539699825,0.472721498,0.0,0.2071198575,0.273167731,0.13571009,0.0673355885,-0.033584870499999996,-0.0975839595,-0.132849657,0.352580601,-0.30232682749999995,0.1309709795,0.2253964235,0.0345369205,-0.0890836935,0.1113061445,-0.0908781175,-0.11577263700000001,-0.041417677,0.08680478,0.046620069,-0.401816025,-0.506058183,0.30459932349999996,-0.02923708,0.27067217,0.5687989360000001,-0.396090556,-0.1263961535,0.0,0.0165608125,-0.347744768,-0.2078630685,-0.124397178,-0.087507111,0.0,-0.26581906600000005,-0.2221001475,-0.168008155,-0.011429337999999997,-0.011910922,-0.0985498035,-0.030795517,-0.0270940875,0.0,0.0,-0.019119740500000003,-0.4927518,-0.4980886525,0.176101823,-0.4839249325,-0.423018891,-0.498691444,-0.5728369265,-0.561505472,-0.46512764400000006,-0.20874222450000002,-0.070934697,-0.2217088995,-0.06442661449999999,-0.099553253,0.32639623949999996,0.177990182,-0.1617351775,-0.7574268980000001,-0.0979692905,-0.06473957500000001,0.398013487,0.0,0.0,-0.1062195475,-0.7273458305,-0.3481955065,-0.37990446,-0.33543318850000003,0.0,-0.14531098650000002,-0.3612722755,-0.088625441,-0.3371872275,-0.193025277,-0.065305246,-0.1678269565,-0.30226989800000004,-0.6064541025000001,-0.325821146,-0.434818099,-0.66152775,-0.21872264000000002,-0.43936709549999997,-0.5592506505,-0.708799843,-0.4041881775,-0.078619781,-0.334687292,-0.0560818875,-0.279954362,-0.232134928,-0.1793741835,0.055726908,-0.2105404065,-0.1738762305,-0.2761168825,-0.3469845045,-0.1926356085,0.022045257,-0.1973504435,0.014115352000000001,-0.1617650935,-0.437485703,0.0,-0.051014154,0.0,0.0175598485,-0.42048472150000005,-0.735051866,0.5137674665,-0.396544705,-0.24469794900000003,0.5962883765,-0.361335067,-0.23419906950000002,0.079923528,-0.13865008550000002,-0.211291,-0.3731907075,-0.1140101115,-0.29760883699999996,0.08728078650000001,-0.3155303395,-0.033729551999999996,0.07190779,-0.052316839999999996,-0.013107483,0.240743435,0.0,0.0528593715,-0.214778588,-0.2981215955,-0.208529747,0.0,-0.284706577,0.0433522075,-0.31723902049999997,0.0,0.269403102,0.11471726500000001,-0.6629678375,0.0006878455,-0.048498981499999996,0.1787818485,0.1015348355,-0.11030089650000001,-0.0442875195,-0.051082716,-0.016660334,-0.0042720095,0.043380046,-0.2045482525,-0.170417039,0.0059258085,-0.158418365,-0.08217002500000001,-0.2338722995,-0.2199577675,-0.266167814,0.0,0.09397466900000001,-0.449994128,-0.323485272,0.09282899,0.0,-0.362525997,-0.217922453,-0.17423305849999998,0.0,-0.348480339,-0.098796123,-0.17827127,-0.11166011449999999,-0.049423303,-0.0551597895,0.060416372,-0.2411743665,-0.3559212775,0.0884571175,0.033694328999999995,-0.1740374675,-0.4029759895,0.4360800575,0.3085833805,-0.1843232165,-0.24831890150000002,0.053055063,-0.3605894105,-0.330556378
I,0.094273834,0.057749313,-0.451884593,0.293553014,,-0.046579808,-0.21040665,0.233301159,0.0,0.037340701,-0.005251282,0.163512524,-0.06325051,-0.044062041,-0.212144224,-0.1926514355,,0.0,-0.378952746,0.023205405,0.082835146,-0.0285037,-0.12758261,0.046655373,-0.302574395,-0.127400589,0.055817004,0.020774574,0.089787652,-0.530524887,-0.576543952,0.156172884,0.036522578,0.236615092,0.340378235,-0.291520081,-0.175882676,0.047031302,-0.454297357,-0.57196733,-0.195879243,-0.145023644,-0.147127857,-0.057261404499999995,-0.308394954,-0.285068946,-0.207769014,-0.170884594,-0.041836699,-0.156307981,-0.045384939,-0.125147348,-0.0588014315,-0.152894188,0.121024719,-0.259470588,-0.604743473,0.252591199,-0.528380856,-0.538858712,-0.524911442,-0.504728825,-0.431820432,-0.210384009,-0.333730915,,-0.167690284,0.081968746,-0.182251425,0.275535178,0.218866466,-0.212685814,-0.663135222,-0.518198346,0.0,,0.089429883,0.016147561,0.0,-0.618731621,,-0.498593107,-0.418709733,-0.073412295,-0.197842388,-0.74067098,-0.357649238,-0.640241554,-0.343436226,-0.142653513,-0.595939178,-0.079277735,-0.604687336,-0.709248515,-0.457043255,-0.768363668,0.138955088,-0.578543469,-0.710623643,-0.67362694,-0.105988545,-0.080061962,-0.168835733,,-0.477149018,-0.35348721,0.0,,,,-0.304539276,,,0.0,-0.310084853,0.144048709,-0.149942759,-0.485117999,0.038200623,-0.253360866,0.004824344,0.0,-0.690989472,-0.829657182,0.303947495,-0.495592996,-0.25380507,0.536556231,-0.333740937,-0.322996034,-0.098714377,-0.087169906,-0.328275609,-0.350263722,-0.191745762,-0.341227178,-0.008661961,,-0.217287895,0.0,0.0,0.022293687,-0.344876956,-0.027204522999999998,0.038307938,-0.275441523,-0.344343269,-0.247596957,-0.060503199,-0.212878733,0.213427387,-0.394370655,0.155327485,0.166571135,0.198572451,-0.619793486,0.0,-0.075520029,0.103277824,0.017103722,-0.06385836,-0.103706828,-0.0159944,0.006492874,-0.022921922,0.09673147,-0.400746243,-0.218344884,-0.053814642,-0.165818596,-0.114647756,-0.230217789,-0.311764503,-0.345290368,-0.018391258000000004,0.000389644,-0.487333436,-0.463660052,0.001423604,-0.067642431,-0.421027281,-0.315676354,-0.223383852,-0.111916157,-0.389841185,-0.097187861,-0.262035104,,0.0,-0.094432022,,-0.370657487,,0.052707322,0.0,-0.242235994,-0.444902338,0.19775269,0.271477353,-0.240281358,-0.076851734,0.0,-0.380392341,-0.338564244
L,-0.14933708,-0.041687904,-0.164337553,-0.08527813,-0.371630682,0.0,-0.5149029869999999,0.0,0.026822154,0.276185811,-0.470867859,0.0,-0.418647185,0.0,-0.315750224,-0.464571225,-0.486849081,0.105819528,-0.560563168,0.0,-0.122238308,-0.108958682,0.024668905,0.0,-0.341548712,0.203754869,0.030895541,0.0,0.002183617,-0.397506596,-0.501733466,0.210370147,-0.019952581,0.39112275,0.256810045,-0.154455014,-0.022261336,0.230880131,-0.679327574,-0.16594205,0.03006381,0.0,0.0,-0.008848529,-0.251837499,-0.249530095,-0.18670457,-0.108432059,-0.173400636,-0.045728932,-0.100815604,-0.259728156,-0.625087889,-0.285666137,0.0,-0.322184354,-0.607793235,0.35478853,-0.314728841,-0.498915211,-0.540899081,-0.431729413,-0.535349519,0.0,-0.304039288,-0.078591352,-0.237581853,0.290382322,0.013229782,0.284319407,0.0,-0.282272899,-0.66152775,-0.356730916,-0.200316479,0.2336161605,-0.539264686,-0.56031071,-0.115932614,-0.708799843,-0.438283867,-0.463983229,-0.376890342,-0.177507222,0.0,-0.45957972,0.0,-0.71698284,-0.303443166,0.07959934,-0.725404604,-0.020809808,-0.514801473,-0.731904932,-0.516102171,-0.750888889,0.0,-0.58574833,-0.580402522,-0.875691526,0.0,-0.105053364,0.0,0.0,-0.287036652,-0.276278019,0.025981173,0.094365954,-0.255950944,-0.2489907865,-0.282834382,-0.364982719,-0.177610226,-0.0796901425,-0.282612031,0.0,-0.146506533,-0.416201156,-0.120500735,-0.061529081,-0.073814139,0.76558541,-0.666697034,-0.817186944,-0.23073847,-0.270149418,0.0,0.391898315,-0.213394293,-0.290549353,-0.137618473,0.076426755,-0.192219333,-0.2099845765,-0.19562665,-0.105518307,0.0,-0.434078896,-0.280339202,-0.360828954,-0.044445392,-0.083854673,-0.679226024,-0.244959093,0.048473133,-0.2787262245,-0.2123437935,-0.400629969,-0.143631734,-0.33019602,0.341137545,-0.304344563,0.192820988,0.172174769,0.436634884,-0.545568759,0.024948668,-0.051137637,0.085343706,-0.0435152585,-0.025910586,-0.056224764,-0.020903301,0.024079507,0.002911098,0.0,-0.165669767,-0.078952825,-0.056683841,-0.137333697,-0.139760656,-0.196190097,-0.114365194,-0.216945666,-0.093337555,0.0,-0.459582138,-0.317725703,0.065398777,-0.047962654,-0.422040274,-0.333513321,-0.1821091235,-0.103072767,-0.396480363,-0.119484505,-0.18940534050000002,-0.101345536,-0.137550248,-0.150439295,-0.066186751,-0.205561529,-0.492498892,-0.004613288,-0.028148185,-0.274386392,-0.520586924,0.21638433,0.102981034,-0.098567485,0.121410781,-0.086174102,-0.366273738,-0.493440057
M,0.118045411,0.382584465,0.343645086,0.38361012,0.417614783,-0.164739995,-0.552589065,0.038368505,0.07072902,0.589863651,-0.216417438,0.113782136,-0.278137248,0.172003384,-0.278518927,-0.356241077,-0.166304102,0.124513012,-0.480609392,0.117414089,-0.04980214,-0.109954128,-0.227056805,0.117740124,-0.270197505,0.055528902,0.074507211,0.505483573,0.084640593,-0.250045294,-0.685196066,0.0,0.0,0.407079974,0.418629127,-0.211927925,-0.035105546,0.459316113,-0.519957445,-0.338687281,-0.04980214,-0.005010199,0.032335953,,-0.267668862,-0.229112519,-0.112228257,-0.086802879,-0.23335063,-0.115923192,0.0,-0.129106836,-0.526467885,-0.234884635,-0.001131563,0.0,-0.035483084,0.027126197,-0.194945868,-0.556330268,-0.604851744,-0.448581574,-0.337906993,-0.010645326,-0.195924072,-0.13143872,-0.234931951,0.386507406,-0.172146923,0.287155461,0.291792892,-0.268520157,-0.385313875,-0.541546766,-0.449841335,0.210772091,-0.342954427,-0.753564793,-0.488983614,-0.784144869,-0.389986613,-0.372034912,-0.350478585,-0.05235716,-0.079174547,-0.454689813,-0.361931473,-0.432568705,-0.248905529,0.087387391,-0.618808715,-0.155668048,-0.736167481,-0.626773549,-0.611093029,-0.680878071,-0.231177892,-0.49388572,-0.402481651,-0.911913043,-0.097466961,-0.065064908,-0.067483807,-0.320832022,-0.123384968,-0.216920551,-0.017726732,0.114633116,-0.264946396,-0.318899092,-0.196691017,-0.24746767,-0.188385828,-0.080273841,-0.164701079,-0.153533289,0.092426589,-0.108966512,-0.17220372,-0.111340791,-0.319750189,-0.01811227,-0.652849419,-0.86264025,0.329413516,-0.074675024,-0.386341109,0.183200477,-0.177819814,-0.19370387,-0.273759985,0.0,-0.116213486,-0.202121358,-0.13466021,0.013156093,-0.033591061,-0.319873063,-0.015786591,-0.202287341,0.069210224,-0.034478406,-0.424299588,-0.129811868,0.228135134,-0.260777856,-0.216827613,-0.339118088,-0.013988138,-0.226867478,0.461356898,-0.110312618,0.080632687,0.198073852,0.26781811,-0.599584533,0.006416252,-0.064122341,0.202102585,-0.042113862,-0.062403355,-0.00764585,-0.03392232,0.017642257,0.02995251,-0.046563233,-0.191248706,-0.030976502,-0.062881723,-0.222122793,-0.051836693,-0.162842799,-0.216362365,-0.133053314,-0.059228792,0.021925859,-0.378732892,,0.045813448,0.013437769,-0.268797879,-0.312523138,-0.156452979,-0.0720655,-0.387826524,-0.086392303,-0.085483976,-0.108092919,-0.15769717,-0.081359427,-0.032491831,-0.159372609,-0.441911234,0.051244505,-0.010910407,-0.207370197,-0.309543429,0.261486688,0.373891909,0.0,0.099482422,-0.065290149,-0.314489689,-0.387529095
F,-0.385563924,-0.156890709,-0.400070301,0.308727196,-0.43626466,0.162809788,-0.423663709,0.197513672,0.567072794,0.529549297,-0.384913814,0.076102284,-0.279894852,0.133192624,-0.245518015,-0.362191004,,0.470397414,-0.440690614,0.055230749,-0.096687536,-0.165529457,-0.126677087,-0.251029228,-0.609299107,-0.225299201,-0.036226419,0.088933535,0.026842518,-0.222237374,-0.56580006,0.319434871,-0.200099719,0.0,0.0,-0.37535943,-0.236414926,0.218804462,-0.569182777,-0.256352264,-0.088940586,-0.132108968,-0.094583804,-0.124712295,-0.294000377,-0.539874297,-0.243912373,-0.272086246,-0.346994127,-0.245854061,-0.115923192,-0.377662812,-0.495140212,-0.113775001,-0.125382965,-0.15883081,-0.609066012,-0.014181267,-0.507377872,-0.407676553,-0.332075767,-0.451884593,-0.328521279,0.111688021,-0.136079793,-0.177111231,-0.133234385,0.20593257,,,0.336317663,-0.419767478,-0.53461686,-0.578543469,-0.514175976,,-0.354648367,,-0.719491416,-0.602013153,-0.63993999,-0.37429326,-0.575720433,-0.051270436,-0.229498098,-0.472473533,-0.304128988,-0.608893175,-0.25124255,-0.177224722,-0.466399727,-0.138712111,-0.514573277,-0.68690718,-0.436233558,-0.57715654,0.011020308,-0.566061507,-0.702025881,-0.501033681,0.25073168,-0.193506144,-0.343436226,-0.45621231,-0.16476423699999998,,-0.117539971,0.15002203,,,,-0.352157463,,-0.06411526,,0.004558425,-0.126131267,-0.241240714,-0.257572086,0.0,-0.360570308,-0.083854673,,-0.888224903,-0.06767103,-0.26947969,-0.390310325,0.238636373,-0.335577322,-0.350719332,-0.369249048,0.129918599,-0.25907924,-0.262426545,0.0523974,-0.151606037,0.288325906,-0.310084853,-0.182302946,-0.355696029,0.1654978,-0.119779514,-0.590489649,-0.092648606,0.355029929,-0.205561529,-0.217490694,-0.41824557,-0.09647684,-0.372776268,0.087229477,-0.358478952,-0.090045621,0.0,0.0,-0.599584533,0.023828321,-0.104069736,0.0,,-0.050027191,-0.10147538,-0.045856774,-0.07121567,-0.131489973,-0.145967625,-0.357574243,0.019205863,-0.11850094,-0.252499639,-0.205699068,-0.349442843,-0.300170801,-0.326031772,-0.131536097,-0.080568143,-0.553686072,-0.34539897,0.036019165,0.01742853,-0.42522795,-0.270645172,-0.303097024,-0.146724731,-0.489627377,-0.194779904,-0.160139334,,-0.185380664,-0.15441069,-0.036371959,-0.159274087,,0.0,0.202206929,-0.141239646,-0.429473523,0.0,0.175554293,-0.08485453,0.077686659,-0.095839102,-0.367201613,-0.52232818
Y,0.017737207,-0.036613733,-0.299092721,0.384880761,-0.067307588,-0.093604159,-0.403848785,0.393761728,1.139874622,0.716216473,-0.407676553,0.299270322,-0.567302381,0.168567391,-0.165744002,-0.102657957,,0.70850764,-0.487475834,-0.038231484,-0.143189371,0.089538416,-0.120129512,-0.097840691,-0.339349212,0.121628182,-0.309465917,0.193304019,0.034968787,-0.212685814,-0.480609392,0.165041826,,0.228834375,0.779397324,-0.210597902,-0.208358444,-0.019119618,-0.653059535,-0.231093631,-0.173741078,-0.085570566,-0.106854682,-0.04980214,-0.228985838,-0.266878005,-0.260867121,-0.111288066,-0.19612836,-0.270933651,-0.23335063,-0.274549168,-0.532644131,-0.697743409,-0.574709799,-0.041756991,-0.153551349,0.070515648,-0.349299976,-0.517267599,-0.153224796,-0.263548434,-0.337122724,0.082157027,-0.155707675,,0.036875941,0.219888764,-0.167690284,,0.47603864,-0.290101266,-0.349071153,-0.560941602,-0.60942108,-0.561765084,,-0.519951825,-0.654530736,-0.504063342,-0.562247372,,-0.446135816,,-0.270998621,-0.401750906,-0.533200115,-0.378031039,-0.200563022,-0.101390359,-0.472607162,0.0,-0.446135816,-0.802273663,-0.373632974,-0.626157782,-0.415049232,-0.516102171,-0.391645069,-0.66152775,-0.046628073,-0.163820933,-0.285690635,-0.53461686,-0.181769787,-0.35205212,-0.285690635,0.0,,-0.211516024,-0.340588501,-0.331711168,,,,-0.236785553,-0.18268904,-0.013561842,-0.50980894,-0.057428559,-0.615528884,-0.561765084,-0.422998035,-0.643715596,-0.038103995,-0.253046776,-0.574628977,0.707488684,-0.366503271,-0.339301573,-0.488149822,-0.051817354,-0.247396998,-0.104223449,-0.199282976,-0.087800365,0.030662737,-0.230095439,-0.143528886,-0.592427146,0.3851848,0.063187097,-0.706850225,0.020729777,0.106107304,-0.171044392,-0.143198345,-0.247425542,0.069167896,-0.314437824,0.142615779,-0.266782645,-0.102163506,-0.014887527,0.333701261,-0.519257844,0.012024726,-0.18498089,0.118343092,-0.019204086,-0.131207964,-0.174545162,-0.109512495,-0.094275032,-0.044276213,-0.062598095,-0.227556514,-0.133844834,-0.069904933,-0.229544377,-0.212198693,-0.206416839,-0.167956327,-0.319951254,-0.102833298,0.012780308,-0.560114406,-0.250707239,0.084571122,-0.048147732,-0.456916898,-0.251902462,-0.167913655,-0.220192352,-0.498204916,-0.196538127,,,-0.335603029,-0.128637411,-0.010955166,-0.389861573,,-0.013503272,-0.011039232,0.0,-0.323388943,0.583063816,0.187686203,-0.018683597,0.097148303,-0.105019505,-0.379759549,-0.489351764
W,-0.05426975,0.0,-0.324191584,-0.446804281,-0.210597902,-0.011922092,-0.386878198,0.510564401,0.568906435,0.090178747,-0.611822645,0.566615908,-0.238910479,0.234886717,-0.201685081,-0.399148848,-0.320879225,0.313718361,-0.535167823,-0.037533567,-0.214933117,0.130966958,-0.333730915,-0.23899798,-0.588674882,0.0,-0.16889467,-0.019363594,0.013842526,-0.480609392,-0.473475706,0.90524561,-0.202323423,-0.032383562,0.117724664,-0.262223533,-0.113775001,-0.050587594,-0.676255735,-0.345334828,-0.349041808,-0.228946525,-0.120960863,-0.111601388,-0.367464585,-0.308076427,-0.382911955,-0.548769914,-0.284920935,-0.201369778,-0.296564231,-0.299808786,-0.461450898,-0.569182777,-0.502976268,-0.516130886,-0.545219678,0.004579737,-0.323157641,-0.526211451,0.0,-0.534739155,-0.462483648,-0.169501629,-0.45336241,-0.427079337,-0.062324894,0.373122891,-0.152623182,0.099142085,0.062617371,-0.244956568,-0.60433475,-0.734641871,-0.71698284,-0.70498315,-0.729293948,-0.858816347,-0.623292485,-0.63608653,-0.508374134,-0.646227954,-0.512173136,-0.216247572,-0.492683757,-0.564996041,-0.58232273,-0.510165962,,-0.340425336,-0.525584297,-0.278813776,-0.0133436,-0.866843191,-0.527425387,-0.61113136,-0.405150621,-0.592816851,-0.7791174,-0.813456558,-0.086205784,-0.403126864,-0.30123147,-0.688903897,-0.266342707,-0.425256384,-0.139589272,-0.169149444,0.226858922,-0.394399023,-0.422855997,-0.532461278,,-0.243766833,-0.466123382,-0.073282456,-0.12968327,-0.325274737,-0.667106856,-0.224887305,-0.60942108,-0.593178849,-0.224920667,-0.934353837,0.0210653,0.040589099,-0.378729755,0.465438784,-0.291645463,-0.376890342,-0.350496314,-0.082997171,-0.53461686,-0.148307115,-0.088331202,-0.038475662,0.137015595,-0.40244851,-0.418709733,-0.539494128,0.844252318,0.028395027,-0.578543469,-0.22996488,-0.505264334,-0.176045789,-0.195856783,-0.289296051,0.059459084,-0.34996273,0.259540794,-0.381232812,-0.036682934,0.022280605,0.562948141,-0.551173325,0.052707322,-0.133013383,-0.013661404,-0.056954131,-0.081238615,-0.160733819,-0.181232355,-0.070582633,-0.102174031,-0.194850474,-0.249900815,0.0,-0.289555993,,-0.344105746,-0.407960303,-0.136091518,-0.391878989,-0.234642715,-0.31502239,-0.603804082,-0.311075859,0.0,-0.13487982,-0.441493315,-0.341572846,-0.295000602,-0.399184949,-0.557219258,-0.315361956,-0.24104493,-0.268271646,-0.312971985,-0.351023106,-0.077920234,-0.320286654,-0.532690703,-0.066682545,0.129790046,-0.085409286,-0.459888521,0.847321043,0.21053249,-0.395371618,0.0,-0.216485464,-0.429506084,-0.583557193
*,-0.345996957,-0.0552415045,-0.219925827,-0.473446993,-0.291520081,-0.383923686,-0.527299362,-0.38047122,-0.019363594,-0.223944901,-0.298193685,-0.138680015,-0.470542642,-0.175433884,-0.531587572,-0.31682712,,-0.103339794,-0.476490134,-0.219931525,-0.392174371,-0.653647726,-0.466228374,-0.296173068,-0.516613588,0.032416325,-0.426325711,-0.246840883,-0.318768073,-0.501026363,-0.642470749,0.069219762,-0.330090145,-0.202923465,-0.020895283,-0.326008484,-0.408442866,-0.429419091,-0.51760348,-0.503800146,-0.425148108,-0.363089376,-0.24554674,,-0.410136097,-0.515161658,-0.526211451,-0.455391914,-0.545929881,-0.43626466,-0.713012912,-0.331048298,-0.649489784,-0.580659726,-0.595813275,-0.550421358,-0.472178301,-0.345564084,-0.554388428,-0.492304896,-0.394296236,-0.496541428,-0.472503223,-0.546830081,-0.639531996,-0.39074504,-0.493160152,-0.588513501,-0.60342518,-0.272161547,-0.486849081,-0.516613588,-0.58232273,-0.3241000135,-0.602013153,-0.501980792,-0.709217353,-0.716147259,-0.610689046,-0.748300046,-0.38874391,-0.637519344,-0.589435085,-0.685376472,-0.49121231,-0.622984022,-0.579332488,-0.655365872,-0.633361694,-0.635167497,-0.738432796,-0.701180233,-0.663135222,-0.617689442,-0.31503217650000004,-0.605132624,-0.523725244,-0.825101951,-0.681782613,-0.7364536,-0.617508018,-0.613355822,-0.484242652,-0.597710151,-0.537181586,-0.667381487,-0.736861789,-0.473941745,-0.420832348,-0.52854535,-0.675887836,-0.759881016,-0.655365872,-0.663135222,-0.604687336,-0.513163016,-0.582845944,-0.2866238735,-0.546859858,-0.646227954,-0.708169005,-0.400986551,-0.228228118,-0.774054446,-0.413902107,-0.577872594,-0.693788584,-0.276813302,-0.548492023,-0.725619381,-0.791759654,-0.72283396,-0.531567973,-0.630821783,-0.757672347,-0.604822586,-0.437932356,-0.702094104,-0.661111673,-0.708169005,-0.363512821,-0.591423938,-0.552864061,-0.579708895,-0.323388943,-0.545930067,-0.569094255,-0.603770555,-0.639756602,-0.564944832,-0.413909157,-0.582858759,-0.441911234,-0.327085631,-0.189694909,,-0.536306921,-0.653874265,-0.241949553,-0.66993774,-0.648631997,-0.624390869,-0.630950949,-0.669611289,-0.665484677,-0.456820826,-0.764149055,-0.411061543,-0.728858323,-0.394278282,-0.673875342,-0.623156,-0.686763502,-0.636695323,-0.623586788,-0.416720543,-0.62074902,-0.791070162,-0.484615663,-0.556616771,-0.717113903,-0.538849596,-0.417479291,-0.782739521,-0.943673773,-0.556467635,-0.556616771,-0.634527477,-0.830412364,-0.714061252,-0.679584219,-0.714746727,-0.657819856,-0.547187407,-0.635405901,-0.286583749,-0.856831979,0.027213669,-0.552275259,-0.684137814,-0.416017317,-0.800727922,-0.413088363,0.006588818
