,nstruct,residue,pos_residue,pos_ligand,atom_ligand,index_resdue,atom_resdue,distance
13240,01,GLN,199,28.0,N2,7,OE1,5.683216571807861
4727,02,GLN,199,28.0,N2,8,NE2,5.61581563949585
1757,03,GLN,199,28.0,N2,8,NE2,5.811648845672607
1954,04,GLN,199,28.0,N2,7,OE1,5.6720662117004395
4528,05,GLN,199,28.0,N2,7,OE1,5.908954620361328
13438,06,GLN,199,28.0,N2,7,OE1,5.378963470458984
10072,07,GLN,199,28.0,N2,7,OE1,5.444324493408203
13040,08,GLN,199,28.0,N2,5,CG,7.060047149658203
10666,09,GLN,199,28.0,N2,7,OE1,5.297255039215088
7894,10,GLN,199,28.0,N2,7,OE1,5.408901214599609
11854,100,GLN,199,28.0,N2,7,OE1,5.286026477813721
5516,11,GLN,199,28.0,N2,5,CG,6.840390205383301
17399,12,GLN,199,28.0,N2,8,NE2,5.810207366943359
19178,13,GLN,199,28.0,N2,5,CG,7.152026176452637
19378,14,GLN,199,28.0,N2,7,OE1,5.191026210784912
17200,15,GLN,199,28.0,N2,7,OE1,5.725247859954834
5914,16,GLN,199,28.0,N2,7,OE1,6.319962024688721
7694,17,GLN,199,28.0,N2,5,CG,7.1626296043396
5123,18,GLN,199,28.0,N2,8,NE2,6.044374942779541
8092,19,GLN,199,28.0,N2,7,OE1,5.137426376342773
4924,20,GLN,199,28.0,N2,7,OE1,5.3986945152282715
8488,21,GLN,199,28.0,N2,7,OE1,5.26750373840332
19576,22,GLN,199,28.0,N2,7,OE1,5.924459934234619
17002,23,GLN,199,28.0,N2,7,OE1,5.872219562530518
16805,24,GLN,199,28.0,N2,8,NE2,5.400097370147705
19774,25,GLN,199,28.0,N2,7,OE1,5.514040470123291
8290,26,GLN,199,28.0,N2,7,OE1,5.666502475738525
5320,27,GLN,199,28.0,N2,7,OE1,5.441226482391357
7498,28,GLN,199,28.0,N2,7,OE1,5.326565742492676
5716,29,GLN,199,28.0,N2,7,OE1,5.554131031036377
12646,30,GLN,199,28.0,N2,7,OE1,5.347365856170654
10864,31,GLN,199,28.0,N2,7,OE1,5.163724899291992
2152,32,GLN,199,28.0,N2,7,OE1,5.913249492645264
4330,33,GLN,199,28.0,N2,7,OE1,5.337766647338867
4132,34,GLN,199,28.0,N2,7,OE1,5.4457855224609375
2350,35,GLN,199,28.0,N2,7,OE1,5.229043483734131
10468,36,GLN,199,28.0,N2,7,OE1,5.357085227966309
12844,37,GLN,199,28.0,N2,7,OE1,5.884117603302002
10271,38,GLN,199,28.0,N2,8,NE2,5.762328147888184
13636,39,GLN,199,28.0,N2,7,OE1,5.059360027313232
18586,40,GLN,199,28.0,N2,7,OE1,5.678491115570068
15617,41,GLN,199,28.0,N2,8,NE2,5.3972578048706055
6112,42,GLN,199,28.0,N2,7,OE1,5.322287082672119
9676,43,GLN,199,28.0,N2,7,OE1,5.469878196716309
9478,44,GLN,199,28.0,N2,7,OE1,5.588385105133057
6506,45,GLN,199,28.0,N2,5,CG,7.312332630157471
15220,46,GLN,199,28.0,N2,7,OE1,6.253077983856201
18784,47,GLN,199,28.0,N2,7,OE1,5.931756496429443
16208,48,GLN,199,28.0,N2,5,CG,7.119606018066406
18388,49,GLN,199,28.0,N2,7,OE1,5.363880634307861
1162,50,GLN,199,28.0,N2,7,OE1,5.489458084106445
2944,51,GLN,199,28.0,N2,7,OE1,5.4155049324035645
14032,52,GLN,199,28.0,N2,7,OE1,5.57112979888916
12448,53,GLN,199,28.0,N2,7,OE1,5.750738620758057
12052,54,GLN,199,28.0,N2,7,OE1,5.696126461029053
14230,55,GLN,199,28.0,N2,7,OE1,5.858504295349121
2746,56,GLN,199,28.0,N2,7,OE1,5.451282501220703
1558,57,GLN,199,28.0,N2,7,OE1,5.5530829429626465
3142,58,GLN,199,28.0,N2,7,OE1,5.678234100341797
568,59,GLN,199,28.0,N2,7,OE1,5.427810192108154
3934,60,GLN,199,28.0,N2,7,OE1,5.901395320892334
172,61,GLN,199,28.0,N2,7,OE1,5.772895336151123
11458,62,GLN,199,28.0,N2,7,OE1,5.175765514373779
14626,63,GLN,199,28.0,N2,7,OE1,5.9137115478515625
14824,64,GLN,199,28.0,N2,7,OE1,5.726357460021973
11260,65,GLN,199,28.0,N2,7,OE1,5.527007579803467
964,66,GLN,199,28.0,N2,7,OE1,5.195285320281982
3340,67,GLN,199,28.0,N2,7,OE1,5.467309951782227
1361,68,GLN,199,28.0,N2,8,NE2,5.63510799407959
2548,69,GLN,199,28.0,N2,7,OE1,5.171807765960693
16408,70,GLN,199,28.0,N2,7,OE1,5.237247467041016
17794,71,GLN,199,28.0,N2,7,OE1,5.332248210906982
9280,72,GLN,199,28.0,N2,7,OE1,5.684510707855225
6706,73,GLN,199,28.0,N2,7,OE1,5.361706256866455
7300,74,GLN,199,28.0,N2,7,OE1,5.760189533233643
8686,75,GLN,199,28.0,N2,7,OE1,5.76320219039917
17992,76,GLN,199,28.0,N2,7,OE1,5.589839935302734
16012,77,GLN,199,28.0,N2,7,OE1,5.912725925445557
18982,78,GLN,199,28.0,N2,7,OE1,5.465274810791016
15416,79,GLN,199,28.0,N2,5,CG,7.5489115715026855
7102,80,GLN,199,28.0,N2,7,OE1,5.385191917419434
8884,81,GLN,199,28.0,N2,7,OE1,5.386638641357422
18190,82,GLN,199,28.0,N2,7,OE1,5.635970115661621
15814,83,GLN,199,28.0,N2,7,OE1,6.183710098266602
16606,84,GLN,199,28.0,N2,7,OE1,5.578206539154053
17596,85,GLN,199,28.0,N2,7,OE1,5.2655720710754395
9082,86,GLN,199,28.0,N2,7,OE1,5.687264442443848
6904,87,GLN,199,28.0,N2,7,OE1,5.550966262817383
9874,88,GLN,199,28.0,N2,7,OE1,5.835646152496338
6310,89,GLN,199,28.0,N2,7,OE1,5.652381420135498
15022,90,GLN,199,28.0,N2,7,OE1,5.635347843170166
11062,91,GLN,199,28.0,N2,7,OE1,5.651754379272461
764,92,GLN,199,28.0,N2,5,CG,7.017144203186035
3538,93,GLN,199,28.0,N2,7,OE1,5.767450332641602
3736,94,GLN,199,28.0,N2,7,OE1,6.026251792907715
370,95,GLN,199,28.0,N2,7,OE1,5.74468469619751
11654,96,GLN,199,28.0,N2,5,CG,7.619487762451172
14429,97,GLN,199,28.0,N2,8,NE2,5.45225191116333
12248,98,GLN,199,28.0,N2,5,CG,7.803147315979004
13834,99,GLN,199,28.0,N2,7,OE1,5.717926025390625
